Unique_Key|Record_Type|Borough|Block|Lot|Easement|Partial_Lot|Air_Rights|Subterranean_Rights|Property_Type|Street_number|Address|Unit
200900000006300000.00|L|1|877|13|N|E|N|N|SP|50|GRAMERCY PARK NORTH|15AB
200900000001500000.00|L|1|573|39|N|E|N|N|MP|30|FIFTH AVENUE|7G
200900000001500000.00|L|1|573|39|N|E|N|N|MP|30|FIFTH AVENUE|7H
201000000001800000.00|L|1|473|42|N|E|N|N|SP|182|LAFAYETTE STREET|4
201100000002346666.74|L|1|1232|1002|N|E|N|N|SP|255|WEST 84TH STREET|
201200000001895000.00|L|1|1129|39|N|E|N|N|SP|6|WEST 77TH STREET|
201200000005500000.00|L|1|1512|1|N|E|N|N|SP|983|PARK AVENUE|2C
201200000001798800.00|L|1|1508|27|N|E|N|N|SP|175|EAST 79TH STREET|3B
201300000002800000.00|L|1|880|80|N|P|N|N|SP|118|EAST 25TH STREET|3
201300000002900000.00|L|1|1360|1|N|E|N|N|SP|870|UNITED NATIONS PLAZA|22F
201300000001450000.00|L|1|1458|1202|N|E|N|N|SP|425|EAST 63RD STREET|
201300000001750000.00|L|1|566|18|N|E|N|N|SP|20|EAST 9TH STREET|12U
201400000003055000.00|L|1|1186|48|N|E|N|N|SP|54|RIVERSIDE DRIVE|12C
201400000000000000.00|L|1|1845|1305|N|E|N|N|SC|220|MANHATTAN AVENUE|7A
201400000000003388.89|L|1|1845|1305|N|E|N|N|SC|220|MANHATTAN AVENUE|7A
201400000000387875.00|L|1|1845|1305|N|E|N|N|SC|220|MANHATTAN AVENUE|7A
201400000000010578.76|L|1|1310|1569|N|E|N|N|SC|150|EAST 56TH STREET|
201400000000364608.00|L|1|1310|1569|N|E|N|N|SC|150|EAST 56TH STREET|
201400000000000000.00|L|1|1310|1569|N|E|N|N|SC|150|EAST 56TH STREET|
201500000001410000.00|L|1|91|1332|N|E|N|N|SC|111|FULTON STREET|808
201500000001128000.00|L|1|91|1332|N|E|N|N|SC|111|FULTON STREET|808
201400000000000000.00|L|1|91|1332|N|E|N|N|SC|111|FULTON STREET|808
201500000001319662.50|L|1|1710|39|N|E|N|N|D4|424|EAST 117 STREET|
201400000000000000.00|L|1|1710|39|N|E|N|N|D4|424|EAST 117 STREET|
201500000042845831.74|L|1|486|1201|N|E|N|N|CR|57|GREENE STREET|1
201500000042845831.74|L|1|486|1202|N|E|N|N|CR|57|GREENE STREET|2
201400000003000000.00|L|1|124|8|N|E|N|N|CR|19|PARK PLACE|
201400000006618941.45|L|1|124|8|N|E|N|N|CR|19|PARK PLACE|
201400000001466311.00|L|1|124|8|N|E|N|N|CR|19|PARK PLACE|
201500000001600000.00|L|1|518|38|N|E|N|N|SP|140|SULLIVAN STREET|3R
201500000001380000.00|L|1|1427|38|N|E|N|N|SP|210|EAST 73RD ST|3GH
201500000002360000.00|L|1|483|13|N|E|N|N|SP|514|BROADWAY|6G
201500000000600000.00|L|1|1125|2|N|E|N|N|SP|49|WEST 72ND STREET|12A
201500000000000000.00|L|1|1558|20|N|E|N|N|AP|333|EAST 95TH STREET|
201500000000000000.00|L|1|2024|134|N|E|N|N|F4|2374|ADAM C POWELL BLVD|
201500000000000000.00|L|1|2024|134|N|E|N|N|F4|2374|ADAM C POWELL BLVD|
201500000000520000.00|L|1|2179|440|N|E|N|N|SP|350|CABRINI BOULEVARD|5E
201500000000000000.00|L|1|860|12|N|E|N|N|CR|15-19|EAST 30TH STREET|
201500000000000000.00|L|1|860|63|N|E|N|N|CR|126|MADISON AVENUE|
201500000000000000.00|L|1|556|1|N|E|N|N|CR|85|FOURTH AVENUE|
201500000000000000.00|L|1|860|12|N|E|N|N|CR|15|EAST 30TH STREET|
201500000000000000.00|L|1|860|1107|N|E|N|N|SC|13|EAST 30TH STREET|
201500000000000000.00|L|1|860|9067|N|E|N|N|CR|132|MADISON AVENUE|
201500000102000000.00|L|1|860|12|N|E|N|N|CR|15|EAST 30TH STREET|
201500000000000000.00|L|1|860|63|N|E|N|N|CR|126|MADISON AVENUE|
201500000005000000.00|L|1|860|63|N|E|N|N|CR|126|MADISON AVENUE|
201500000000000000.00|L|1|860|12|N|E|N|N|CR|15-19|EAST 30TH STREET|
201500000000000000.00|L|1|860|63|N|E|N|N|CR|126|MADISON AVENUE|
201500000000000000.00|L|1|860|12|N|E|N|N|CR|15-19|EAST 30TH STREET|
201500000000000000.00|L|1|860|63|N|E|N|N|CR|126|MADISON AVENUE|
201500000000000000.00|L|1|860|69|N|E|N|N|CR|22|EAST 31ST STREET|
201500000005000000.00|L|1|860|69|N|E|N|N|CR|22|EAST 31ST STREET|
201500000003000000.00|L|1|860|1107|N|E|N|N|SC|13|EAST 30TH STREET|
201500000007000000.00|L|1|860|9067|N|E|N|N|CR|132|MADISON AVENUE|
201500000100000000.00|L|1|860|10|N|E|N|N|CR|11|EAST 30TH STREET|
201500000100000000.00|L|1|860|12|N|E|N|N|CR|15|EAST 30TH STREET|
201500000100000000.00|L|1|860|63|N|E|N|N|CR|126|MADISON AVENUE|
201500000100000000.00|L|1|860|69|N|E|N|N|CR|22|EAST 31ST STREET|
201500000100000000.00|L|1|860|1107|N|E|N|N|SC|13|EAST 30TH STREET|
201500000100000000.00|L|1|860|9067|N|E|N|N|CR|132|MADISON AVENUE|
201500000100000000.00|L|1|860|10|N|E|N|N|CR|11|EAST 30TH STREET|
201500000100000000.00|L|1|860|12|N|E|N|N|CR|15|EAST 30TH STREET|
201500000100000000.00|L|1|860|63|N|E|N|N|CR|126|MADISON AVENUE|
201500000100000000.00|L|1|860|69|N|E|N|N|CR|22|EAST 31ST STREET|
201500000100000000.00|L|1|860|1107|N|E|N|N|SC|13|EAST 30TH STREET|
201500000100000000.00|L|1|860|9067|N|E|N|N|CR|132|MADISON AVENUE|
201500000000000000.00|L|1|860|1107|N|E|N|N|SC|13|EAST 30TH STREET|
201500000000000000.00|L|1|27|1056|N|E|N|N|SC|55|WALL STREET|716
201500000000000000.00|L|1|27|1056|N|E|N|N|SC|55|WALL STREET|716
201500000001075000.00|L|1|27|1056|N|E|N|N|SC|55|WALL STREET|716
201500000000000000.00|L|1|27|1056|N|E|N|N|SC|55|WALL STREET|716
201500000000999000.00|L|1|1569|16|N|E|N|N|SP|1725|YORK AVENUE|29E
201500000000000000.00|L|1|18|1110|N|E|N|N|SC|88|GREENWICH ST|623
201500000000000000.00|L|1|172|1545|N|E|N|N|CC|50|FRANKLIN STREET|P1
201500000000160374.38|L|1|172|1545|N|E|N|N|CC|50|FRANKLIN STREET|P1
201500000000000000.00|L|1|172|1545|N|E|N|N|CC|50|FRANKLIN STREET|P1
201500000000000000.00|L|1|172|1545|N|E|N|N|CC|50|FRANKLIN STREET|P1
201500000000000000.00|L|1|701|11|N|E|N|N|CR|529|WEST 29TH STREET|
201500000000000000.00|L|1|701|16|N|E|N|N|VN|520|WEST 30TH STREET|
201400000000000000.00|L|1|1250|102|N|E|N|N|D1|304|WEST 90TH STREET|
201400000000000000.00|L|1|849|63|N|E|N|N|CR|912|BROADWAY|
201400000000000000.00|L|1|849|63|N|E|N|N|CR|912|BROADWAY|
201500000000680000.00|L|1|721|1008|N|E|N|N|SP|410|WEST 24TH STREET|16A
201500000005345812.50|L|1|601|1073|N|E|N|N|SC|421|HUDSON STREET|423
201500000000000000.00|L|1|601|1073|N|E|N|N|SC|421|HUDSON STREET|423
201500000003750000.00|L|1|601|1073|N|E|N|N|SC|421|HUDSON STREET|423
201500000000000000.00|L|1|16|7270|N|E|N|N|SC|99|BATTERY PLACE|5-P
020100000001131830.19|L|1|276|1203|N|E|N|N|CR|31|MONROE STREET|CF2
020100000001131830.19|L|1|276|1204|N|E|N|N|CR|31|MONROE STREET|CF3
020100000001131830.19|L|1|276|1205|N|E|N|N|CR|31|MONROE STREET|CF4
020100000001131830.19|L|1|276|1207|N|E|N|N|CR|31|MONROE STREET|CF6
201500000004850000.00|L|1|801|49|N|E|N|N|CR|110|WEST 26TH STREET|
201500000000000000.00|L|1|16|2244|N|E|N|N|SC|250|SOUTH END AVENUE|7B
201500000000481000.00|L|1|1148|53|N|E|N|N|SP|152|WEST 77TH STREET|6
201500000000000000.00|L|1|16|6043|N|E|N|N|SC|21|SOUTH END AVENUE|340
201500000001250000.00|L|1|608|53|N|E|N|N|SP|125|WEST 12TH STREET|6F
201500000000000000.00|L|1|447|3|N|E|N|N|AP|92-94|2 AVENUE|
201500000000000000.00|L|1|439|6|N|E|N|N|AP|192|FIRST AVENUE|
201500000000000000.00|L|1|439|7|N|E|N|N|AP|194|FIRST AVENUE|
201500000014000000.00|L|1|439|6|N|E|N|N|AP|192|FIRST AVENUE|
201500000014000000.00|L|1|439|7|N|E|N|N|AP|194|FIRST AVENUE|
201500000014000000.00|L|1|447|3|N|E|N|N|AP|92|2 AVENUE|
201500000014000000.00|L|1|439|6|N|E|N|N|AP|192|FIRST AVENUE|
201500000014000000.00|L|1|439|7|N|E|N|N|AP|194|FIRST AVENUE|
201500000014000000.00|L|1|447|3|N|E|N|N|AP|92|2 AVENUE|
201500000000000000.00|L|1|2170|356|N|E|N|N|AP|96|WADSWORTH TERRACE|
201500000000765757.44|L|1|2170|356|N|E|N|N|AP|96|WADSWORTH TERRACE|
201500000003800000.00|L|1|2170|356|N|E|N|N|AP|96|WADSWORTH TERRACE|
201500000003800000.00|L|1|2170|356|N|E|N|N|AP|96|WADSWORTH TERRACE|
201500000000421631.24|L|1|525|7|N|E|N|N|AP|183|SULLIVAN STREET|
201500000000421631.24|L|1|525|16|N|E|N|N|AP|183|THOMPSON STREET|
201500000005600000.00|L|1|525|7|N|E|N|N|AP|183|SULLIVAN STREET|
201500000005600000.00|L|1|525|16|N|E|N|N|AP|183|THOMPSON STREET|
201500000005600000.00|L|1|525|7|N|E|N|N|AP|183|SULLIVAN STREET|
201500000005600000.00|L|1|525|16|N|E|N|N|AP|183|THOMPSON STREET|
201500000000000000.00|L|1|525|7|N|E|N|N|AP|183|SULLIVAN STREET|
201500000000000000.00|L|1|525|16|N|E|N|N|AP|183|THOMPSON STREET|
201400000000000000.00|L|1|2031|18|N|E|N|N|CR|223|WEST 145 STREET|
201400000000000000.00|L|1|2032|43|N|E|N|N|AP|210|WEST 147TH STREET|
201400000000000000.00|L|1|2036|61|N|E|N|N|CR|2840-2044|FREDERICK DOUGLASS BLVD|
201400000000000000.00|L|1|2036|61|N|E|N|N|CR|33-39|MACOMBS PLACE|
201400000000000000.00|L|1|2045|96|N|E|N|N|CR|2817|FREDERICK DOUGLASS BLVD|
201400000000000000.00|L|1|2045|97|N|E|N|N|AP|302|WEST 150TH STREET|
201400000000000000.00|L|1|2045|98|N|E|N|N|VN|304-306|WEST 150TH STREET|
201400000000000000.00|L|1|2045|100|N|E|N|N|AP|308-310|WEST 150TH STREET|
201400000000000000.00|L|1|2046|7|N|E|N|N|CR|301-303|WEST 150TH STREET|
201400000000000000.00|L|1|2046|56|N|E|N|N|AP|303|WEST 152ND STREET|
201400000000000000.00|L|1|2046|63|N|E|N|N|CR|220|BRADHURST AVENUE|
201400000000000000.00|L|1|2046|63|N|E|N|N|CR|2855|FREDERICK DOUGLASS BLVD|
201400000000000000.00|L|1|2046|63|N|E|N|N|CR|2859|FREDERICK DOUGLASS BLVD|
201400000000000000.00|L|1|2046|63|N|E|N|N|CR|2859|FREDERICK DOUGLASS BLVD|
201400000000000000.00|L|1|2026|20|N|E|N|N|AP|215|WEST 140 STREET|
201400000000000000.00|L|1|2026|22|N|E|N|N|AP|213|WEST 140 STREET|
201400000000000000.00|L|1|2026|23|N|E|N|N|AP|211|WEST 140 STREET|
201400000000000000.00|L|1|2026|24|N|E|N|N|VN|209|WEST 140 STREET|
201400000000000000.00|L|1|2026|25|N|E|N|N|VN|207|WEST 140 STREET|
201400000000000000.00|L|1|2026|26|N|E|N|N|AP|205|WEST 140 STREET|
201400000000000000.00|L|1|2026|27|N|E|N|N|AP|203|WEST 140 STREET|
201400000000000000.00|L|1|2026|29|N|E|N|N|CR|2400|ADAM CLAYTON POWELL JR BLVD|
201400000000000000.00|L|1|1718|69|N|E|N|N|CR|196-198|LENOX AVENUE|
201400000000000000.00|L|1|1903|29|N|E|N|N|CR|101|WEST 118 STREET|
201400000000000000.00|L|1|1904|33|N|E|N|N|CR|191-193|LENOX AVENUE|
201400000000000000.00|L|1|1904|59|N|E|N|N|AP|166|WEST 120 STREET|
201400000000000000.00|L|1|1906|64|N|E|N|N|CR|2031-2033|7TH AVENUE|
201400000000000000.00|L|1|2026|29|N|E|N|N|AP|2400|SEVENTH AVENUE|
201400000000000000.00|L|1|2046|7|N|E|N|N|CR|301|WEST 150TH STREET|
201400000000000000.00|L|1|2045|96|N|E|N|N|AP|2815|FREDERICK DOUGLASS BLVD|
201400000000000000.00|L|1|2045|96|N|E|N|N|CR|2817|FREDERICK DOUGLASS BLVD|
201400000000000000.00|L|1|2045|97|N|E|N|N|AP|302|WEST 150 STREET|
201400000000000000.00|L|1|2045|98|N|E|N|N|VN|304-306|WEST 150 STREET|
201400000000000000.00|L|1|2045|100|N|E|N|N|AP|308-310|WEST 150TH STREET|
201400000000000000.00|L|1|2032|43|N|E|N|N|AP|210|WEST 147 STREET|
201400000000000000.00|L|1|1718|69|N|E|N|N|CR|196-198|LENOX AVENUE|
201400000000000000.00|L|1|1903|29|N|E|N|N|CR|161|LENOX AVENUE|
201400000000000000.00|L|1|1904|33|N|E|N|N|CR|191|LENOX AVENUE|
201400000000000000.00|L|1|1904|59|N|E|N|N|AP|166|WEST 120 STREET|
201400000000000000.00|L|1|1906|64|N|E|N|N|CR|2031|SEVENTH AVENUE|
201400000000000000.00|L|1|2026|20|N|E|N|N|AP|215|WEST 140 STREET|
201400000000000000.00|L|1|2026|22|N|E|N|N|AP|213|WEST 140 STREET|
201400000000000000.00|L|1|2026|23|N|E|N|N|AP|211|WEST 140 STREET|
201400000000000000.00|L|1|2026|24|N|E|N|N|VN|209|WEST 140 STREET|
201400000000000000.00|L|1|2026|25|N|E|N|N|VN|207|WEST 140 STREET|
201400000000000000.00|L|1|2026|26|N|E|N|N|AP|205|WEST 140 STREET|
201400000000000000.00|L|1|2026|27|N|E|N|N|AP|203|WEST 140 STREET|
201400000000000000.00|L|1|2026|29|N|E|N|N|CR|2400|ADAM C POWELL BLVD|
201400000000000000.00|L|1|2031|18|N|E|N|N|CR|223|WEST 145 STREET|
201400000000000000.00|L|1|2032|43|N|E|N|N|AP|210|WEST 147 STREET|
201400000000000000.00|L|1|2036|61|N|E|N|N|CR|2844|FREDERICK DOUGLASS BLVD|
201400000000000000.00|L|1|2036|61|N|E|N|N|CR|33-39|MACOMBS PLACE|
201400000000000000.00|L|1|2045|96|N|E|N|N|AP|2815|FREDERICK DOUGLASS BLVD|
201400000000000000.00|L|1|2045|96|N|E|N|N|AP|2817|FREDERICK DOUGLASS BLVD|
201400000000000000.00|L|1|2045|97|N|E|N|N|AP|302|WEST 150 STREET|
201400000000000000.00|L|1|2045|98|N|E|N|N|VN|304-306|WEST 150TH STREET|
201400000000000000.00|L|1|2045|100|N|E|N|N|AP|308-310|WEST 150TH STREET|
201400000000000000.00|L|1|2046|7|N|E|N|N|CR|301|WEST 150TH STREET|
201400000000000000.00|L|1|2046|63|N|E|N|N|CR|220|BRADHURST AVENUE|
201400000000000000.00|L|1|1718|69|N|E|N|N|CR|196-198|LENOX AVENUE|
201400000000000000.00|L|1|1903|29|N|E|N|N|CR|161|LENOX AVENUE|
201400000000000000.00|L|1|1904|33|N|E|N|N|CR|191|LENOX AVENUE|
201400000000000000.00|L|1|1904|59|N|E|N|N|AP|166|WEST 120 STREET|
201400000000000000.00|L|1|1906|64|N|E|N|N|CR|2031|SEVENTH AVENUE|
201400000000000000.00|L|1|2026|20|N|E|N|N|AP|215|WEST 140 STREET|
201400000000000000.00|L|1|2026|22|N|E|N|N|AP|213|WEST 140 STREET|
201400000000000000.00|L|1|2026|23|N|E|N|N|AP|211|WEST 140 STREET|
201400000000000000.00|L|1|2026|26|N|E|N|N|AP|205|WEST 140 STREET|
201400000000000000.00|L|1|2026|27|N|E|N|N|AP|203|WEST 140 STREET|
201400000000000000.00|L|1|2026|29|N|E|N|N|CR|2400|ADAM C POWELL BLVD|
201400000000000000.00|L|1|2031|18|N|E|N|N|CR|223|WEST 145 STREET|
201400000000000000.00|L|1|2032|43|N|E|N|N|AP|210|WEST 147 STREET|
201400000000000000.00|L|1|2036|61|N|E|N|N|CR|33-39|MACOMBS PLACE|
201400000000000000.00|L|1|2045|96|N|E|N|N|AP|2817|FREDERICK DOUGLASS BLVD|
201400000000000000.00|L|1|2045|97|N|E|N|N|AP|302|WEST 150 STREET|
201400000000000000.00|L|1|2045|100|N|E|N|N|AP|308-310|WEST 150TH STREET|
201400000000000000.00|L|1|2046|7|N|E|N|N|CR|301|WEST 150TH STREET|
201400000000000000.00|L|1|2046|63|N|E|N|N|CR|220|BRADHURST AVENUE|
201400000000000000.00|L|1|1718|69|N|E|N|N|CR|86|WEST 120TH STREET|
201400000000000000.00|L|1|1903|29|N|E|N|N|CR|101|WEST 118 STREET|
201400000000000000.00|L|1|1904|33|N|E|N|N|CR|191|LENOX AVENUE|
201400000000000000.00|L|1|1904|59|N|E|N|N|AP|166|WEST 120 STREET|
201400000000000000.00|L|1|1906|64|N|E|N|N|CR|2031|SEVENTH AVENUE|
201400000000000000.00|L|1|2026|20|N|E|N|N|AP|215|WEST 140 STREET|
201400000000000000.00|L|1|2026|22|N|E|N|N|AP|213|WEST 140 STREET|
201400000000000000.00|L|1|2026|23|N|E|N|N|AP|211|WEST 140 STREET|
201400000000000000.00|L|1|2026|24|N|E|N|N|VN|209|WEST 140 STREET|
201400000000000000.00|L|1|2026|25|N|E|N|N|VN|207|WEST 140 STREET|
201400000000000000.00|L|1|2026|26|N|E|N|N|AP|205|WEST 140 STREET|
201400000000000000.00|L|1|2026|27|N|E|N|N|AP|203|WEST 140 STREET|
201400000000000000.00|L|1|2026|29|N|E|N|N|CR|2400|SEVENTH AVENUE|
201400000000000000.00|L|1|2031|18|N|E|N|N|CR|223|WEST 145 STREET|
201400000000000000.00|L|1|2032|43|N|E|N|N|AP|210|WEST 147 STREET|
201400000000000000.00|L|1|2036|61|N|E|N|N|CR|2844|EIGHTH AVENUE|
201400000000000000.00|L|1|2036|61|N|E|N|N|CR|2844|FREDERICK DOUGLASS BLVD|
201400000000000000.00|L|1|2036|61|N|E|N|N|CR|33-39|MACOMBS PLACE|
201400000000000000.00|L|1|2045|96|N|E|N|N|AP|2815-2817|FREDERICK DOUGLASS BLVD|
201400000000000000.00|L|1|2045|97|N|E|N|N|AP|302|WEST 150 STREET|
201400000000000000.00|L|1|2045|98|N|E|N|N|VN|304|WEST 150TH STREET|
201400000000000000.00|L|1|2045|100|N|E|N|N|AP|308-310|WEST 150TH STREET|
201400000000000000.00|L|1|2046|7|N|E|N|N|CR|301-303|WEST 150TH STREET|
201400000000000000.00|L|1|2046|63|N|E|N|N|CR|220|BRADHURST AVENUE|
201400000000000000.00|L|1|2046|63|N|E|N|N|CR|2855|EIGHTH AVENUE|
201400000001613937.00|L|1|1718|69|N|E|N|N|CR|84-86|WEST 120TH STREET|
201400000001613937.00|L|1|1903|29|N|E|N|N|CR|101|WEST 118 STREET|
201400000001613937.00|L|1|1904|33|N|E|N|N|CR|191|LENOX AVENUE|
201400000001613937.00|L|1|1904|59|N|E|N|N|AP|166|WEST 120 STREET|
201400000001613937.00|L|1|1906|64|N|E|N|N|CR|2031-33|ADAM CLAYTON POWELL JR BLVD|
201400000001613937.00|L|1|2026|20|N|E|N|N|AP|215|WEST 140 STREET|
201400000001613937.00|L|1|2026|22|N|E|N|N|AP|213|WEST 140 STREET|
201400000001613937.00|L|1|2026|23|N|E|N|N|AP|211|WEST 140 STREET|
201400000001613937.00|L|1|2026|26|N|E|N|N|AP|205|WEST 140 STREET|
201400000001613937.00|L|1|2026|27|N|E|N|N|AP|203|WEST 140 STREET|
201400000001613937.00|L|1|2026|29|N|E|N|N|CR|2400|ADAM CLAYTON POWELL JR BLVD|
201400000001613937.00|L|1|2031|18|N|E|N|N|CR|223|WEST 145 STREET|
201400000001613937.00|L|1|2032|43|N|E|N|N|AP|210|WEST 147 STREET|
201400000001613937.00|L|1|2036|61|N|E|N|N|CR|2840-2861|FREDERICK DOUGLASS BLVD|
201400000001613937.00|L|1|2045|96|N|E|N|N|AP|300|WEST 150TH STREET|
201400000001613937.00|L|1|2045|97|N|E|N|N|AP|302|WEST 150 STREET|
201400000001613937.00|L|1|2045|100|N|E|N|N|AP|308-310|WEST 150TH STREET|
201400000001613937.00|L|1|2046|7|N|E|N|N|CR|301-303|WEST 150TH STREET|
201400000001613937.00|L|1|2046|63|N|E|N|N|CR|220|BRADHURST AVENUE|
201400000001613937.00|L|1|1718|69|N|E|N|N|CR|84-86|WEST 120TH STREET|
201400000001613937.00|L|1|1903|29|N|E|N|N|CR|101|WEST 118 STREET|
201400000001613937.00|L|1|1904|33|N|E|N|N|CR|191|LENOX AVENUE|
201400000001613937.00|L|1|1904|59|N|E|N|N|AP|166|WEST 120 STREET|
201400000001613937.00|L|1|1906|64|N|E|N|N|CR|2031-33|ADAM CLAYTON POWELL JR BLVD|
201400000001613937.00|L|1|2026|20|N|E|N|N|AP|215|WEST 140 STREET|
201400000001613937.00|L|1|2026|22|N|E|N|N|AP|213|WEST 140 STREET|
201400000001613937.00|L|1|2026|23|N|E|N|N|AP|211|WEST 140 STREET|
201400000001613937.00|L|1|2026|26|N|E|N|N|AP|205|WEST 140 STREET|
201400000001613937.00|L|1|2026|27|N|E|N|N|AP|203|WEST 140 STREET|
201400000001613937.00|L|1|2026|29|N|E|N|N|CR|2400|ADAM CLAYTON POWELL JR BLVD|
201400000001613937.00|L|1|2031|18|N|E|N|N|CR|223|WEST 145 STREET|
201400000001613937.00|L|1|2032|43|N|E|N|N|AP|210|WEST 147 STREET|
201400000001613937.00|L|1|2036|61|N|E|N|N|CR|2840-2861|FREDERICK DOUGLASS BLVD|
201400000001613937.00|L|1|2045|96|N|E|N|N|AP|300|WEST 150TH STREET|
201400000001613937.00|L|1|2045|97|N|E|N|N|AP|302|WEST 150 STREET|
201400000001613937.00|L|1|2045|100|N|E|N|N|AP|308-310|WEST 150TH STREET|
201400000001613937.00|L|1|2046|7|N|E|N|N|CR|301-303|WEST 150TH STREET|
201400000001613937.00|L|1|2046|63|N|E|N|N|CR|220|BRADHURST AVENUE|
201400000018027204.00|L|1|1718|69|N|E|N|N|CR|84-86|WEST 120TH STREET|
201400000018027204.00|L|1|1903|29|N|E|N|N|CR|101|WEST 118 STREET|
201400000018027204.00|L|1|1904|33|N|E|N|N|CR|191|LENOX AVENUE|
201400000018027204.00|L|1|1904|59|N|E|N|N|AP|166|WEST 120 STREET|
201400000018027204.00|L|1|1906|64|N|E|N|N|CR|2031-33|ADAM CLAYTON POWELL JR BLVD|
201400000018027204.00|L|1|2026|20|N|E|N|N|AP|215|WEST 140 STREET|
201400000018027204.00|L|1|2026|22|N|E|N|N|AP|213|WEST 140 STREET|
201400000018027204.00|L|1|2026|23|N|E|N|N|AP|211|WEST 140 STREET|
201400000018027204.00|L|1|2026|26|N|E|N|N|AP|205|WEST 140 STREET|
201400000018027204.00|L|1|2026|27|N|E|N|N|AP|203|WEST 140 STREET|
201400000018027204.00|L|1|2026|29|N|E|N|N|CR|2400|ADAM CLAYTON POWELL JR BLVD|
201400000018027204.00|L|1|2031|18|N|E|N|N|CR|223|WEST 145 STREET|
201400000018027204.00|L|1|2032|43|N|E|N|N|AP|210|WEST 147 STREET|
201400000018027204.00|L|1|2036|61|N|E|N|N|CR|2840-2861|FREDERICK DOUGLASS BLVD|
201400000018027204.00|L|1|2045|96|N|E|N|N|AP|300|WEST 150TH STREET|
201400000018027204.00|L|1|2045|97|N|E|N|N|AP|302|WEST 150 STREET|
201400000018027204.00|L|1|2045|100|N|E|N|N|AP|308-310|WEST 150TH STREET|
201400000018027204.00|L|1|2046|7|N|E|N|N|CR|301-303|WEST 150TH STREET|
201400000018027204.00|L|1|2046|63|N|E|N|N|CR|220|BRADHURST AVENUE|
201400000018027204.00|L|1|1718|69|N|E|N|N|CR|84-86|WEST 120TH STREET|
201400000018027204.00|L|1|1903|29|N|E|N|N|CR|101|WEST 118 STREET|
201400000018027204.00|L|1|1904|33|N|E|N|N|CR|191|LENOX AVENUE|
201400000018027204.00|L|1|1904|59|N|E|N|N|AP|166|WEST 120 STREET|
201400000018027204.00|L|1|1906|64|N|E|N|N|CR|2031-33|ADAM CLAYTON POWELL JR BLVD|
201400000018027204.00|L|1|2026|20|N|E|N|N|AP|215|WEST 140 STREET|
201400000018027204.00|L|1|2026|22|N|E|N|N|AP|213|WEST 140 STREET|
201400000018027204.00|L|1|2026|23|N|E|N|N|AP|211|WEST 140 STREET|
201400000018027204.00|L|1|2026|26|N|E|N|N|AP|205|WEST 140 STREET|
201400000018027204.00|L|1|2026|27|N|E|N|N|AP|203|WEST 140 STREET|
201400000018027204.00|L|1|2026|29|N|E|N|N|CR|2400|ADAM CLAYTON POWELL JR BLVD|
201400000018027204.00|L|1|2031|18|N|E|N|N|CR|223|WEST 145 STREET|
201400000018027204.00|L|1|2032|43|N|E|N|N|AP|210|WEST 147 STREET|
201400000018027204.00|L|1|2036|61|N|E|N|N|CR|2840-2861|FREDERICK DOUGLASS BLVD|
201400000018027204.00|L|1|2045|96|N|E|N|N|AP|300|WEST 150TH STREET|
201400000018027204.00|L|1|2045|97|N|E|N|N|AP|302|WEST 150 STREET|
201400000018027204.00|L|1|2045|100|N|E|N|N|AP|308-310|WEST 150TH STREET|
201400000018027204.00|L|1|2046|7|N|E|N|N|CR|301-303|WEST 150TH STREET|
201400000018027204.00|L|1|2046|63|N|E|N|N|CR|220|BRADHURST AVENUE|
201400000003438859.00|L|1|1718|69|N|E|N|N|CR|84-86|WEST 120TH STREET|
201400000003438859.00|L|1|1903|29|N|E|N|N|CR|101|WEST 118 STREET|
201400000003438859.00|L|1|1904|33|N|E|N|N|CR|191|LENOX AVENUE|
201400000003438859.00|L|1|1904|59|N|E|N|N|AP|166|WEST 120 STREET|
201400000003438859.00|L|1|1906|64|N|E|N|N|CR|2031-33|ADAM CLAYTON POWELL JR BLVD|
201400000003438859.00|L|1|2026|20|N|E|N|N|AP|215|WEST 140 STREET|
201400000003438859.00|L|1|2026|22|N|E|N|N|AP|213|WEST 140 STREET|
201400000003438859.00|L|1|2026|23|N|E|N|N|AP|211|WEST 140 STREET|
201400000003438859.00|L|1|2026|26|N|E|N|N|AP|205|WEST 140 STREET|
201400000003438859.00|L|1|2026|27|N|E|N|N|AP|203|WEST 140 STREET|
201400000003438859.00|L|1|2026|29|N|E|N|N|CR|2400|ADAM CLAYTON POWELL JR BLVD|
201400000003438859.00|L|1|2031|18|N|E|N|N|CR|223|WEST 145 STREET|
201400000003438859.00|L|1|2032|43|N|E|N|N|AP|210|WEST 147 STREET|
201400000003438859.00|L|1|2036|61|N|E|N|N|CR|2840-2861|FREDERICK DOUGLASS BLVD|
201400000003438859.00|L|1|2045|96|N|E|N|N|AP|300|WEST 150TH STREET|
201400000003438859.00|L|1|2045|97|N|E|N|N|AP|302|WEST 150 STREET|
201400000003438859.00|L|1|2045|100|N|E|N|N|AP|308-310|WEST 150TH STREET|
201400000003438859.00|L|1|2046|7|N|E|N|N|CR|301-303|WEST 150TH STREET|
201400000003438859.00|L|1|2046|63|N|E|N|N|CR|220|BRADHURST AVENUE|
201400000003438859.00|L|1|1718|69|N|E|N|N|CR|84-86|WEST 120TH STREET|
201400000003438859.00|L|1|1903|29|N|E|N|N|CR|101|WEST 118 STREET|
201400000003438859.00|L|1|1904|33|N|E|N|N|CR|191|LENOX AVENUE|
201400000003438859.00|L|1|1904|59|N|E|N|N|AP|166|WEST 120 STREET|
201400000003438859.00|L|1|1906|64|N|E|N|N|CR|2031-33|ADAM CLAYTON POWELL JR BLVD|
201400000003438859.00|L|1|2026|20|N|E|N|N|AP|215|WEST 140 STREET|
201400000003438859.00|L|1|2026|22|N|E|N|N|AP|213|WEST 140 STREET|
201400000003438859.00|L|1|2026|23|N|E|N|N|AP|211|WEST 140 STREET|
201400000003438859.00|L|1|2026|26|N|E|N|N|AP|205|WEST 140 STREET|
201400000003438859.00|L|1|2026|27|N|E|N|N|AP|203|WEST 140 STREET|
201400000003438859.00|L|1|2026|29|N|E|N|N|CR|2400|ADAM CLAYTON POWELL JR BLVD|
201400000003438859.00|L|1|2031|18|N|E|N|N|CR|223|WEST 145 STREET|
201400000003438859.00|L|1|2032|43|N|E|N|N|AP|210|WEST 147 STREET|
201400000003438859.00|L|1|2036|61|N|E|N|N|CR|2840-2861|FREDERICK DOUGLASS BLVD|
201400000003438859.00|L|1|2045|96|N|E|N|N|AP|300|WEST 150TH STREET|
201400000003438859.00|L|1|2045|97|N|E|N|N|AP|302|WEST 150 STREET|
201400000003438859.00|L|1|2045|100|N|E|N|N|AP|308-310|WEST 150TH STREET|
201400000003438859.00|L|1|2046|7|N|E|N|N|CR|301-303|WEST 150TH STREET|
201400000003438859.00|L|1|2046|63|N|E|N|N|CR|220|BRADHURST AVENUE|
201400000000000000.00|L|1|1718|69|N|E|N|N|CR|86|WEST 120TH STREET|
201400000000000000.00|L|1|1903|29|N|E|N|N|CR|101|WEST 118 STREET|
201400000000000000.00|L|1|1904|33|N|E|N|N|CR|191|LENOX AVENUE|
201400000000000000.00|L|1|1904|59|N|E|N|N|AP|166|WEST 120TH STREET|
201400000000000000.00|L|1|1906|64|N|E|N|N|CR|2031|SEVENTH AVENUE|
201400000000000000.00|L|1|2026|29|N|E|N|N|CR|2400|SEVENTH AVENUE|
201400000000000000.00|L|1|2046|7|N|E|N|N|CR|301|WEST 150TH STREET|
201400000000000000.00|L|1|2036|61|N|E|N|N|CR|2844|FREDERICK DOUGLASS BLVD|
201400000000000000.00|L|1|2036|61|N|E|N|N|CR|33|MACOMBS PLACE|
201400000000000000.00|L|1|2045|96|N|E|N|N|AP|2815|FREDERICK DOUGLASS BLVD|
201400000000000000.00|L|1|2045|96|N|E|N|N|AP|2817|FREDERICK DOUGLASS BLVD|
201400000000000000.00|L|1|2045|97|N|E|N|N|AP|302|WEST 150 STREET|
201400000000000000.00|L|1|2045|98|N|E|N|N|VN|304-306|WEST 150 STREET|
201400000000000000.00|L|1|2045|100|N|E|N|N|AP|308-310|WEST 150TH STREET|
201400000000000000.00|L|1|2032|43|N|E|N|N|AP|210|WEST 147 STREET|
201400000000000000.00|L|1|2031|18|N|E|N|N|AP|223|WEST 145 STREET|
201400000000000000.00|L|1|2046|63|N|E|N|N|CR|220|BRADHURST AVENUE|
201400000005904317.00|L|1|2026|20|N|E|N|N|AP|215|WEST 140 STREET|
201400000005904317.00|L|1|2026|22|N|E|N|N|AP|213|WEST 140 STREET|
201400000005904317.00|L|1|2026|23|N|E|N|N|AP|211|WEST 140 STREET|
201400000005904317.00|L|1|2026|24|N|E|N|N|VN|209|WEST 140 STREET|
201400000005904317.00|L|1|2026|25|N|E|N|N|VN|207|WEST 140 STREET|
201400000005904317.00|L|1|2026|26|N|E|N|N|AP|205|WEST 140 STREET|
201400000005904317.00|L|1|2026|27|N|E|N|N|AP|203|WEST 140 STREET|
201400000005904317.00|L|1|2026|29|N|E|N|N|CR|2400|SEVENTH AVENUE|
201400000004057425.00|L|1|2026|20|N|E|N|N|AP|215|WEST 140 STREET|
201400000004057425.00|L|1|2026|22|N|E|N|N|AP|213|WEST 140 STREET|
201400000004057425.00|L|1|2026|23|N|E|N|N|AP|211|WEST 140 STREET|
201400000004057425.00|L|1|2026|24|N|E|N|N|VN|209|WEST 140 STREET|
201400000004057425.00|L|1|2026|25|N|E|N|N|VN|207|WEST 140 STREET|
201400000004057425.00|L|1|2026|26|N|E|N|N|AP|205|WEST 140 STREET|
201400000004057425.00|L|1|2026|27|N|E|N|N|AP|203|WEST 140 STREET|
201400000004057425.00|L|1|2026|29|N|E|N|N|CR|2400|SEVENTH AVENUE|
201400000000000000.00|L|1|2026|20|N|E|N|N|AP|215|WEST 140 STREET|
201400000000000000.00|L|1|2026|22|N|E|N|N|AP|213|WEST 140 STREET|
201400000000000000.00|L|1|2026|23|N|E|N|N|AP|211|WEST 140 STREET|
201400000000000000.00|L|1|2026|24|N|E|N|N|VN|209|WEST 140 STREET|
201400000000000000.00|L|1|2026|25|N|E|N|N|VN|207|WEST 140 STREET|
201400000000000000.00|L|1|2026|26|N|E|N|N|AP|205|WEST 140 STREET|
201400000000000000.00|L|1|2026|27|N|E|N|N|AP|203|WEST 140 STREET|
201400000000000000.00|L|1|2026|29|N|E|N|N|CR|2400|SEVENTH AVENUE|
201400000001846892.00|L|1|2026|20|N|E|N|N|AP|215|WEST 140 STREET|
201400000001846892.00|L|1|2026|22|N|E|N|N|AP|213|WEST 140 STREET|
201400000001846892.00|L|1|2026|23|N|E|N|N|AP|211|WEST 140 STREET|
201400000001846892.00|L|1|2026|24|N|E|N|N|VN|209|WEST 140 STREET|
201400000001846892.00|L|1|2026|25|N|E|N|N|VN|207|WEST 140 STREET|
201400000001846892.00|L|1|2026|26|N|E|N|N|AP|205|WEST 140 STREET|
201400000001846892.00|L|1|2026|27|N|E|N|N|AP|203|WEST 140 STREET|
201400000001846892.00|L|1|2026|29|N|E|N|N|CR|2400|SEVENTH AVENUE|
201400000001846892.00|L|1|2026|20|N|E|N|N|AP|215|WEST 140 STREET|
201400000001846892.00|L|1|2026|22|N|E|N|N|AP|213|WEST 140 STREET|
201400000001846892.00|L|1|2026|23|N|E|N|N|AP|211|WEST 140 STREET|
201400000001846892.00|L|1|2026|24|N|E|N|N|VN|209|WEST 140 STREET|
201400000001846892.00|L|1|2026|25|N|E|N|N|VN|207|WEST 140 STREET|
201400000001846892.00|L|1|2026|26|N|E|N|N|AP|205|WEST 140 STREET|
201400000001846892.00|L|1|2026|27|N|E|N|N|AP|203|WEST 140 STREET|
201400000001846892.00|L|1|2026|29|N|E|N|N|CR|2400|SEVENTH AVENUE|
201400000000000000.00|L|1|1718|69|N|E|N|N|CR|86|WEST 120TH STREET|
201400000000000000.00|L|1|1903|29|N|E|N|N|CR|101|WEST 118 STREET|
201400000000000000.00|L|1|1904|33|N|E|N|N|CR|191|LENOX AVENUE|
201400000000000000.00|L|1|1904|59|N|E|N|N|AP|166|WEST 120 STREET|
201400000000000000.00|L|1|1906|64|N|E|N|N|CR|2031|SEVENTH AVENUE|
201400000000000000.00|L|1|2026|20|N|E|N|N|AP|215|WEST 140 STREET|
201400000000000000.00|L|1|2026|22|N|E|N|N|AP|213|WEST 140 STREET|
201400000000000000.00|L|1|2026|23|N|E|N|N|AP|211|WEST 140 STREET|
201400000000000000.00|L|1|2026|24|N|E|N|N|VN|209|WEST 140 STREET|
201400000000000000.00|L|1|2026|25|N|E|N|N|VN|207|WEST 140 STREET|
201400000000000000.00|L|1|2026|26|N|E|N|N|AP|205|WEST 140 STREET|
201400000000000000.00|L|1|2026|27|N|E|N|N|AP|203|WEST 140 STREET|
201400000000000000.00|L|1|2026|29|N|E|N|N|CR|2400|SEVENTH AVENUE|
201400000000000000.00|L|1|2031|18|N|E|N|N|CR|223|WEST 145 STREET|
201400000000000000.00|L|1|2032|43|N|E|N|N|AP|210|WEST 147 STREET|
201400000000000000.00|L|1|2036|61|N|E|N|N|CR|2844|FREDERICK DOUGLASS BLVD|
201400000000000000.00|L|1|2036|61|N|E|N|N|CR|33-39|MACOMBS PLACE|
201400000000000000.00|L|1|2045|96|N|E|N|N|AP|2815|FREDERICK DOUGLASS BLVD|
201400000000000000.00|L|1|2045|96|N|E|N|N|AP|2817|FREDERICK DOUGLASS BLVD|
201400000000000000.00|L|1|2045|97|N|E|N|N|AP|302|WEST 150TH STREET|
201400000000000000.00|L|1|2045|98|N|E|N|N|VN|304-306|WEST 150TH STREET|
201400000000000000.00|L|1|2045|100|N|E|N|N|AP|308-310|WEST 150TH STREET|
201400000000000000.00|L|1|2046|7|N|E|N|N|CR|301|WEST 150 STREET|
201400000000000000.00|L|1|2046|63|N|E|N|N|CR|220|BRADHURST AVENUE|
201400000000000000.00|L|1|2046|63|N|E|N|N|CR|2855|FREDERICK DOUGLASS BLVD|
201400000000000000.00|L|1|1718|69|N|E|N|N|CR|86|WEST 120TH STREET|
201400000000000000.00|L|1|1903|29|N|E|N|N|CR|101|WEST 118 STREET|
201400000000000000.00|L|1|1904|33|N|E|N|N|CR|191|LENOX AVENUE|
201400000000000000.00|L|1|1904|59|N|E|N|N|AP|166|WEST 120 STREET|
201400000000000000.00|L|1|1906|64|N|E|N|N|CR|2031|SEVENTH AVENUE|
201400000000000000.00|L|1|2026|20|N|E|N|N|AP|215|WEST 140 STREET|
201400000000000000.00|L|1|2026|22|N|E|N|N|AP|213|WEST 140 STREET|
201400000000000000.00|L|1|2026|23|N|E|N|N|AP|211|WEST 140 STREET|
201400000000000000.00|L|1|2026|24|N|E|N|N|VN|209|WEST 140 STREET|
201400000000000000.00|L|1|2026|25|N|E|N|N|VN|207|WEST 140 STREET|
201400000000000000.00|L|1|2026|26|N|E|N|N|AP|205|WEST 140 STREET|
201400000000000000.00|L|1|2026|27|N|E|N|N|AP|203|WEST 140 STREET|
201400000000000000.00|L|1|2026|29|N|E|N|N|CR|2400|SEVENTH AVENUE|
201400000000000000.00|L|1|2031|18|N|E|N|N|CR|223|WEST 145 STREET|
201400000000000000.00|L|1|2032|43|N|E|N|N|AP|210|WEST 147 STREET|
201400000000000000.00|L|1|2036|61|N|E|N|N|CR|2844|FREDERICK DOUGLASS BLVD|
201400000000000000.00|L|1|2036|61|N|E|N|N|CR|33-39|MACOMBS PLACE|
201400000000000000.00|L|1|2045|96|N|E|N|N|AP|2815|FREDERICK DOUGLASS BLVD|
201400000000000000.00|L|1|2045|96|N|E|N|N|AP|2817|FREDERICK DOUGLASS BLVD|
201400000000000000.00|L|1|2045|97|N|E|N|N|AP|302|WEST 150TH STREET|
201400000000000000.00|L|1|2045|98|N|E|N|N|VN|304-306|WEST 150TH STREET|
201400000000000000.00|L|1|2045|100|N|E|N|N|AP|308-310|WEST 150TH STREET|
201400000000000000.00|L|1|2046|7|N|E|N|N|CR|301|WEST 150 STREET|
201400000000000000.00|L|1|2046|63|N|E|N|N|CR|220|BRADHURST AVENUE|
201400000000000000.00|L|1|2046|63|N|E|N|N|CR|2855|FREDERICK DOUGLASS BLVD|
201400000000000000.00|L|1|1718|69|N|E|N|N|CR|86|WEST 120TH STREET|
201400000000000000.00|L|1|1903|29|N|E|N|N|CR|101|WEST 118 STREET|
201400000000000000.00|L|1|1904|33|N|E|N|N|CR|191|LENOX AVENUE|
201400000000000000.00|L|1|1904|59|N|E|N|N|AP|166|WEST 120TH STREET|
201400000000000000.00|L|1|1906|64|N|E|N|N|CR|2031|SEVENTH AVENUE|
201400000000000000.00|L|1|2026|29|N|E|N|N|CR|2400|SEVENTH AVENUE|
201400000000000000.00|L|1|2046|7|N|E|N|N|CR|301|WEST 150TH STREET|
201400000000000000.00|L|1|2036|61|N|E|N|N|AP|2844|FREDERICK DOUGLASS BLVD|
201400000000000000.00|L|1|2036|61|N|E|N|N|AP|33-39|MACOMBS PLACE|
201400000000000000.00|L|1|2045|96|N|E|N|N|AP|2815|FREDERICK DOUGLASS BLVD|
201400000000000000.00|L|1|2045|96|N|E|N|N|AP|2817|FREDERICK DOUGLASS BLVD|
201400000000000000.00|L|1|2045|97|N|E|N|N|AP|302|WEST 150TH STREET|
201400000000000000.00|L|1|2045|98|N|E|N|N|VN|304-306|WEST 150TH STREET|
201400000000000000.00|L|1|2045|100|N|E|N|N|AP|308-310|WEST 150TH STREET|
201400000000000000.00|L|1|2032|43|N|E|N|N|AP|210|WEST 147 STREET|
201400000000000000.00|L|1|2046|63|N|E|N|N|CR|220|BRADHURST AVENUE|
201400000000000000.00|L|1|2031|18|N|E|N|N|CR|223|WEST 145 STREET|
201400000000000000.00|L|1|2026|20|N|E|N|N|AP|215|WEST 140 STREET|
201400000000000000.00|L|1|2026|22|N|E|N|N|AP|213|WEST 140 STREET|
201400000000000000.00|L|1|2026|23|N|E|N|N|AP|211|WEST 140 STREET|
201400000000000000.00|L|1|2026|24|N|E|N|N|VN|209|WEST 140 STREET|
201400000000000000.00|L|1|2026|25|N|E|N|N|VN|207|WEST 140 STREET|
201400000000000000.00|L|1|2026|26|N|E|N|N|AP|205|WEST 140 STREET|
201400000000000000.00|L|1|2026|27|N|E|N|N|AP|203|WEST 140 STREET|
201400000000000000.00|L|1|2026|29|N|E|N|N|CR|2400|SEVENTH AVENUE|
201400000000000000.00|L|1|1718|69|N|E|N|N|CR|86|WEST 120TH STREET|
201400000000000000.00|L|1|1903|29|N|E|N|N|CR|101|WEST 118 STREET|
201400000000000000.00|L|1|1904|33|N|E|N|N|CR|191|LENOX AVENUE|
201400000000000000.00|L|1|1904|59|N|E|N|N|AP|166|WEST 120TH STREET|
201400000000000000.00|L|1|1906|64|N|E|N|N|CR|2031|SEVENTH AVENUE|
201400000000000000.00|L|1|2026|20|N|E|N|N|AP|215|WEST 140 STREET|
201400000000000000.00|L|1|2026|22|N|E|N|N|AP|213|WEST 140 STREET|
201400000000000000.00|L|1|2026|23|N|E|N|N|AP|211|WEST 140 STREET|
201400000000000000.00|L|1|2026|24|N|E|N|N|VN|209|WEST 140 STREET|
201400000000000000.00|L|1|2026|25|N|E|N|N|VN|207|WEST 140 STREET|
201400000000000000.00|L|1|2026|26|N|E|N|N|AP|205|WEST 140 STREET|
201400000000000000.00|L|1|2026|27|N|P|N|N|AP|203|WEST 140 STREET|
201400000000000000.00|L|1|2026|29|N|E|N|N|CR|2400|SEVENTH AVENUE|
201400000000000000.00|L|1|2046|7|N|E|N|N|CR|301|WEST 150TH STREET|
201400000000000000.00|L|1|2036|61|N|E|N|N|CR|2844|FREDERICK DOUGLASS BLVD|
201400000000000000.00|L|1|2036|61|N|E|N|N|CR|33-39|MACOMBS PLACE|
201400000000000000.00|L|1|2045|96|N|E|N|N|AP|2815|FREDERICK DOUGLASS BLVD|
201400000000000000.00|L|1|2045|96|N|E|N|N|AP|2817|FREDERICK DOUGLASS BLVD|
201400000000000000.00|L|1|2045|97|N|E|N|N|AP|302|WEST 150TH STREET|
201400000000000000.00|L|1|2045|98|N|E|N|N|VN|304-306|WEST 150TH STREET|
201400000000000000.00|L|1|2045|100|N|E|N|N|AP|308-310|WEST 150TH STREET|
201400000000000000.00|L|1|2032|43|N|E|N|N|AP|210|WEST 147 STREET|
201400000000000000.00|L|1|2046|63|N|E|N|N|CR|220|BRADHURST AVENUE|
201400000000000000.00|L|1|2031|18|N|E|N|N|CR|223|WEST 145 STREET|
201400000000086076.28|L|1|752|1|N|E|N|N|SP|365|WEST 28TH STREET|5F
201500000040000000.00|L|1|19|11|N|E|N|N|AP|67|GREENWICH STREET|
201500000040000000.00|L|1|19|13|N|E|N|N|CR|42|TRINITY PLACE|
201500000040000000.00|L|1|19|11|N|E|N|N|AP|67|GREENWICH STREET|
201500000040000000.00|L|1|19|13|N|E|N|N|CR|42|TRINITY PLACE|
201400000000088254.40|L|1|751|1|N|E|N|N|SP|290|9TH AVENUE|16A
201500000000000000.00|L|1|46|3|N|P|N|N|OF|100|BROADWAY|
201400000000000000.00|L|1|212|1003|N|E|N|N|SC|260|WEST BROADWAY|1/2C
201500000000000000.00|L|1|801|24|N|E|N|N|CR|119|WEST 25TH STREET|
201500000000550000.00|L|1|1556|16|N|E|N|N|SP|327|EAST 93RD STREET|2W
201500000000000000.00|L|1|708|65|N|E|N|N|CR|450|11TH|AVENUE
201500000000000000.00|L|1|708|65|N|E|N|N|CR|450|11TH|AVENUE
201500000000000000.00|L|1|708|65|N|E|N|N|CR|450|11TH|AVENUE
201500000000000000.00|L|1|708|65|N|E|N|N|CR|450|11TH|AVENUE
201500000000000000.00|L|1|708|65|N|E|N|N|CR|450|11TH|AVENUE
201400000000113469.94|L|1|751|1|N|E|N|N|SP|345|8TH AVENUE|16B
201400000000100862.17|L|1|751|1|N|E|N|N|SP|330|WEST 28TH STREET|17H
201500000000000000.00|L|1|25|1517|N|E|N|N|SC|15|WILLIAM STREET|21B
201400000000099617.53|L|1|751|1|N|E|N|N|SP|280|9TH AVENUE|13H
201300000000000000.00|L|1|694|30|N|E|N|N|AP|505|WEST 22ND STREET|
201300000000000000.00|L|1|694|31|N|E|N|N|AP|203|10TH|AVENUE
201300000000000000.00|L|1|694|32|N|E|N|N|AP|205|10TH|AVENUE
201300000000000000.00|L|1|694|33|N|E|N|N|CR|207|10TH|AVENUE
201400000000087709.87|L|1|751|1|N|E|N|N|SP|280|9TH AVENUE|14A
201500000000000000.00|L|1|894|2017|N|E|N|N|SC|325|LEXINGTON AVENUE|6C
201500000000000000.00|L|1|894|2104|N|E|N|N|SC|325|LEXINGTON AVENUE|26A
201400000000000000.00|L|1|1419|1071|N|E|N|N|SC|250|EAST 65 STREET|12E
201400000000000000.00|L|1|1419|1071|N|E|N|N|SC|250|EAST 65 STREET|12E
201500000002300000.00|L|1|1419|1071|N|E|N|N|SC|250|EAST 65 STREET|12E
201500000000000000.00|L|1|1419|1071|N|E|N|N|SC|250|EAST 65 STREET|12E
201500000001400000.00|L|1|1419|1071|N|E|N|N|SC|250|EAST 65 STREET|12E
201500000000381000.00|L|1|1439|1|N|E|N|N|SP|301|EAST 64TH STREET|8J
201500000000000000.00|L|1|868|51|N|E|N|N|AP|24|EAST 39TH STREET|
201500000000000000.00|L|1|868|51|N|E|N|N|AP|24|EAST 39TH STREET|
201500000011000000.00|L|1|868|51|N|E|N|N|AP|24|EAST 39TH STREET|
201500000011000000.00|L|1|868|51|N|E|N|N|AP|24|EAST 39TH STREET|
201500000000650100.00|L|1|519|44|N|E|N|N|CP|210|SIXTH AVENUE|1A
201300000000000000.00|L|1|499|1605|N|E|N|N|SC|111|MERCER STREET|PH
201300000000000000.00|L|1|499|1605|N|E|N|N|SC|111|MERCER STREET|PH
201300000000000000.00|L|1|499|1605|N|E|N|N|SC|111|MERCER STREET|PH
201500000000963500.00|L|1|1350|20|N|E|N|N|SP|345|E. 57TH STREET|12D
201500000001576000.00|L|1|1579|15|N|E|N|N|SP|525|E 82ND STREET|5F/G
201500000000490000.00|L|1|1627|1005|N|E|N|N|SC|158|EAST 100 STREET|3F
200800000000000000.00|L|1|1089|1101|N|E|N|N|BS|533|11TH|AVENUE
200800000000000000.00|L|1|1089|1102|N|E|N|N|BS|533|11TH|AVENUE
201500000000000000.00|L|1|1089|1101|N|E|N|N|BS|533|11TH|AVENUE
201500000000000000.00|L|1|1089|1102|N|E|N|N|BS|533|11TH|AVENUE
201500000011400000.00|L|1|695|2012|N|E|N|N|SC|508|WEST 24TH STREET|
201500000000000000.00|L|1|695|2012|N|E|N|N|SC|508|WEST 24TH STREET|
201500000001015000.00|L|1|1445|1002|N|E|N|N|SP|300|EAST 71ST STREET|16C
201500000000975000.00|L|1|136|1407|N|E|N|N|SC|85|WEST BROADWAY|11N
201500000000000000.00|L|1|136|1407|N|E|N|N|SC|85|WEST BROADWAY|11N
201500000002000000.00|L|1|1831|23|N|E|N|N|AP|207|WEST 115 STREET|
201500000000000000.00|L|1|1831|23|N|E|N|N|AP|207|WEST 115 STREET|
201500000000000000.00|L|1|1395|43|N|E|N|N|AP|164|EAST 61ST STREET|
201500000001356000.00|L|1|795|1125|N|E|N|N|SC|130|WEST 20TH STREET|
201500000001000000.00|L|1|795|1125|N|E|N|N|SC|130|WEST 20TH STREET|
201500000000000000.00|L|1|795|1125|N|E|N|N|SC|130|WEST 20TH STREET|
201500000000000000.00|L|1|16|2651|N|E|N|N|SC|380|RECTOR PLACE|7C
201500000000695000.00|L|1|16|2651|N|E|N|N|SC|380|RECTOR PLACE|7C
201500000000000000.00|L|1|16|2651|N|E|N|N|SC|380|RECTOR PLACE|7C
201400000000000000.00|L|1|1075|1034|N|E|N|N|SC|516|WEST 47TH STREET|
201400000000000000.00|L|1|1075|1034|N|E|N|N|SC|516|WEST 47TH STREET|
201500000000012509.93|L|1|1075|1034|N|E|N|N|SC|516|WEST 47TH STREET|
201500000000582000.00|L|1|1075|1034|N|E|N|N|SC|516|WEST 47TH STREET|
201500000000763687.50|L|1|171|1242|N|E|N|N|SC|101|LEONARD|8A
201500000000000000.00|L|1|171|1242|N|E|N|N|SC|101|LEONARD|8A
201500000000000000.00|L|1|171|1242|N|E|N|N|SC|101|LEONARD|8A
201400000000000000.00|L|1|695|1475|N|E|N|N|SC|555|WEST 23RD STREET|
201500000000930000.00|L|1|695|1475|N|E|N|N|SC|555|WEST 23RD STREET|
201500000000000000.00|L|1|695|1475|N|E|N|N|SC|555|WEST 23RD STREET|
201500000000500000.00|L|1|695|1475|N|E|N|N|SC|555|WEST 23RD STREET|
201500000000040000.00|L|1|695|1475|N|E|N|N|SC|555|WEST 23RD STREET|
201500000000000000.00|L|1|25|1634|N|E|N|N|SC|15|WILLIAM STREET|35G
201500000000000000.00|L|1|1165|1707|N|E|N|N|SC|2109|BROADWAY|13-10
201500000000000000.00|L|1|1165|1707|N|E|N|N|SC|2109|BROADWAY|13-10
201500000000000000.00|L|1|1165|1707|N|E|N|N|SC|2109|BROADWAY|13-10
201500000000004883.54|L|1|1165|1707|N|E|N|N|SC|2109|BROADWAY|13-10
201500000000663000.00|L|1|1165|1707|N|E|N|N|SC|2109|BROADWAY|13-10
201500000000000000.00|L|1|219|1001|N|E|N|N|PS|429|GREENWICH STREET|CELLA
201500000000600000.00|L|1|219|1001|N|E|N|N|PS|429|GREENWICH STREET|CELLA
201500000000000000.00|L|1|219|1001|N|E|N|N|PS|429|GREENWICH STREET|CELLA
201500000000550000.00|L|1|1125|2|N|E|N|N|SP|49|WEST 72ND STREET|10A
201500000000450000.00|L|1|1158|1310|N|E|N|N|SP|140|WEST END AVENUE|6D
201400000000000000.00|L|1|482|27|N|E|N|N|CR|218|LAFAYETTE STREET|
201500000002000000.00|L|1|482|27|N|E|N|N|CR|218|LAFAYETTE STREET|
201500000002000000.00|L|1|482|27|N|E|N|N|CR|218|LAFAYETTE STREET|
201400000000000000.00|L|1|482|27|N|E|N|N|CR|218|LAFAYETTE STREET|
201500000000262000.00|L|1|2180|326|N|E|N|N|SP|143|BENNETT AVENUE|2-O
201500000000410000.00|L|1|2179|500|N|E|N|N|SP|689|FT. WASHINGTON AVENUE|PH5
201500000000000000.00|L|1|1645|31|N|E|N|N|D4|181|EAST 117 STREET|
201500000000526484.04|L|1|1645|31|N|E|N|N|D4|181|EAST 117 STREET|
201500000001150000.00|L|1|1645|31|N|E|N|N|D4|181|EAST 117 STREET|
201500000001150000.00|L|1|1645|31|N|E|N|N|D4|181|EAST 117 STREET|
201500000000667000.00|L|1|1888|31|N|E|N|N|SP|310|WEST 99TH STREET|704
201500000000530000.00|L|1|162|1014|N|E|N|N|CC|7|CHATHAM SQUARE|303
201500000000530000.00|L|1|162|1015|N|E|N|N|CC|7|CHATHAM SQUARE|305
201500000000000000.00|L|1|162|1014|N|E|N|N|CC|7|CHATHAM SQUARE|303
201500000000000000.00|L|1|162|1015|N|E|N|N|CC|7|CHATHAM SQUARE|305
201500000002051773.75|L|1|1600|1274|N|E|N|N|SC|23|WEST 116TH STREET|11A
201400000000000000.00|L|1|1600|1274|N|E|N|N|SC|23|WEST 116TH STREET|11A
201400000001612000.00|L|1|1600|1274|N|E|N|N|SC|23|WEST 116TH STREET|11A
201500000000800000.00|L|1|1040|1382|N|E|N|N|SC|350|WEST 50TH STREET|22D
201500000000300000.00|L|1|1040|1382|N|E|N|N|SC|350|WEST 50TH STREET|
201500000000000000.00|L|1|1040|1382|N|E|N|N|SC|350|WEST 50TH STREET|
201500000002365000.00|L|1|1634|32|N|E|N|N|CR|167|EAST 106 STREET|
201500000001450000.00|L|1|1634|32|N|E|N|N|CR|167|EAST 106 STREET|
201500000000000000.00|L|1|5|10|N|E|N|N|OF|4|NEW YORK PLAZA|
201500000000000000.00|L|1|1263|65|N|E|N|N|F4|58|WEST 48TH STREET|
201500000000000000.00|L|1|1263|66|N|E|N|N|CR|60|WEST 48TH STREET|
201500000000000000.00|L|1|1263|166|N|E|N|N|CR|62|WEST 48TH STREET|
201500000004434129.03|L|1|1263|65|N|E|N|N|F4|58|WEST 48TH STREET|
201500000004434129.03|L|1|1263|66|N|E|N|N|CR|60|WEST 48TH STREET|
201500000004434129.03|L|1|1263|166|N|E|N|N|CR|62|WEST 48TH STREET|
201500000008500000.00|L|1|1263|65|N|E|N|N|F4|58|WEST 48TH STREET|
201500000008500000.00|L|1|1263|66|N|E|N|N|CR|60|WEST 48TH STREET|
201500000008500000.00|L|1|1263|166|N|E|N|N|CR|62|WEST 48TH STREET|
201500000008500000.00|L|1|1263|65|N|E|N|N|F4|58|WEST 48TH STREET|
201500000008500000.00|L|1|1263|66|N|E|N|N|CR|60|WEST 48TH STREET|
201500000008500000.00|L|1|1263|166|N|E|N|N|CR|62|WEST 48TH STREET|
201500000000000000.00|L|1|1263|65|N|E|N|N|F4|58|WEST 48TH STREET|
201500000000000000.00|L|1|1263|66|N|E|N|N|CR|60|WEST 48TH STREET|
201500000000000000.00|L|1|1263|166|N|E|N|N|CR|62|WEST 48TH STREET|
201500000000000000.00|L|1|24|1114|N|E|N|N|SC|40|BROAD STREET|25H
201500000000000000.00|L|1|24|1114|N|E|N|N|SC|40|BROAD STREET|25H
201500000001560000.00|L|1|24|1114|N|E|N|N|SC|40|BROAD STREET|25H
201500000001014000.00|L|1|24|1114|N|E|N|N|SC|40|BROAD STREET|25H
201500000001710660.00|L|1|1243|10|N|E|N|N|SP|251|WEST 95TH STREET|4W
201500000000000000.00|L|1|1550|7|N|E|N|N|SP|309|EAST 87TH STREET|3F
201500000000000000.00|L|1|1750|28|N|E|N|N|OT|69|EAST 125 STREET|
201500000000000000.00|L|1|1750|28|N|E|N|N|OT|69|EAST 125 STREET|
201500000000445315.00|L|1|2246|130|N|E|N|N|SP|1793|RIVERSIDE DRIVE|4B
201500000008146000.00|L|1|1383|1005|N|E|N|N|SC|11|EAST 68TH STREET|
201500000000000000.00|L|1|1383|1005|N|E|N|N|SC|11|EAST 68TH STREET|
201500000000000000.00|L|1|1120|1177|Y|E|Y|Y|SC|45|WEST 67th STREET|
201500000000000000.00|L|1|840|34|N|E|N|N|CR|13|WEST 38TH STREET|
201500000000000000.00|L|1|840|34|N|E|N|N|CR|13|WEST 38TH STREET|
201500000003350000.00|L|1|840|34|N|E|N|N|CR|13|WEST 38TH STREET|
201500000003350000.00|L|1|840|34|N|E|N|N|CR|13|WEST 38TH STREET|
201500000000000000.00|L|1|1599|1277|Y|E|Y|Y|SC|40|WEST 116 STREET|A613
201500000000420000.00|L|1|1330|4|N|E|N|N|SP|200|EAST 57TH STREET|14J
201200000000240000.00|L|1|187|1209|N|E|N|N|D1|64|NORTH MOORE STREET|5W
201500000000000000.00|L|1|849|1428|N|E|N|N|MC|141|5 AVENUE|34
201500000000009139.47|L|1|849|1428|N|E|N|N|MC|141|5 AVENUE|34
201500000000828668.00|L|1|849|1428|N|E|N|N|MC|141|5 AVENUE|34
201500000000000000.00|L|1|1417|1001|N|E|N|N|SC|230|EAST 63RD STREET|
201500000000000000.00|L|1|1010|1446|N|E|N|N|D1|100|WEST 58th STREET|
201500000000000000.00|L|1|1532|1021|N|E|N|N|SC|225|EAST 86TH STREET|
201100000000490000.00|L|1|491|1400|N|E|N|N|CC|246|SPRING STREET|2608
201100000000490000.00|L|1|491|1400|N|E|N|N|CC|246|SPRING STREET|2608
201500000000000000.00|L|1|1351|1|N|E|N|N|SP|300|EAST 59TH STREET|607
201500000000000000.00|L|1|1351|1|N|E|N|N|SP|300|EAST 59TH STREET|607
201500000000000000.00|L|1|790|1|N|E|N|N|SP|77|SEVENTH AVENUE|20H
201500000000100000.00|L|1|1513|1072|N|E|N|N|SC|171|EAST 84TH STREET|
201500000000000000.00|L|1|1020|1112|Y|E|Y|Y|SC|1600|BROADWAY|6B
201500000000054150.00|L|1|1837|1008|N|E|N|N|SC|418|CENTRAL PARK WEST|20
201500000000050000.00|L|1|936|2080|N|E|N|N|D1|343|EAST 30th STREET|
201500000001086140.08|L|1|482|1139|N|E|N|N|SC|210|LAFAYETTE STREET|8B/C
201500000000000000.00|L|1|2012|29|N|E|N|N|AP|665|LENOX AVENUE|
201500000000000000.00|L|1|2012|29|N|E|N|N|AP|665|LENOX AVENUE|
201500000000006971.55|L|1|1846|1234|N|E|N|N|SC|301|WEST 110TH STREET|18C
201500000000333700.00|L|1|1846|1234|N|E|N|N|SC|301|WEST 110TH STREET|18C
201500000006750000.00|L|1|1508|1014|N|E|N|N|SC|127|EAST 79TH STREET|
201400000000000000.00|L|1|1234|19|N|E|N|N|CR|2360|BROADWAY|
201400000000000000.00|L|1|1234|1201|N|E|N|N|CC|2360|BROADWAY|RETL
201400000000000000.00|L|1|1234|1202|N|E|N|N|SC|2360|BROADWAY|RES
201500000000000000.00|L|1|1234|19|N|E|N|N|CR|2360|BROADWAY|
201500000000000000.00|L|1|1234|1201|N|E|N|N|CC|2360|BROADWAY|RETL
201500000000000000.00|L|1|1234|1202|N|E|N|N|SC|2360|BROADWAY|RES
201500000000370110.00|L|1|629|1207|N|E|N|N|SC|345|WEST 13TH STREET|
201400000000000000.00|L|1|629|1207|N|E|N|N|SC|345|WEST 13TH STREET|
201500000000011864.01|L|1|629|1207|N|E|N|N|SC|345|WEST 13TH STREET|
201500000001550000.00|L|1|629|1207|N|E|N|N|SC|345|WEST 13TH STREET|
201400000000000000.00|L|1|2220|11|N|E|N|N|AP|109|SHERMAN AVENUE|
201400000000000000.00|L|1|2220|13|N|E|N|N|AP|113|SHERMAN AVENUE|
201400000000000000.00|L|1|2220|15|N|E|N|N|AP|117|SHERMAN AVENUE|
201400000000000000.00|L|1|2220|17|N|E|N|N|AP|121|SHERMAN AVENUE|
201400000000000000.00|L|1|2220|19|N|E|N|N|AP|125|SHERMAN AVENUE|
201400000000000000.00|L|1|2220|21|N|E|N|N|AP|129|SHERMAN AVENUE|
201400000000000000.00|L|1|2220|23|N|E|N|N|AP|133|SHERMAN AVENUE|
201400000000000000.00|L|1|2220|33|N|E|N|N|AP|38|POST AVENUE|
201400000000000000.00|L|1|2220|35|N|E|N|N|AP|34|POST AVENUE|
201400000000000000.00|L|1|2220|37|N|E|N|N|AP|30|POST AVENUE|
201400000000000000.00|L|1|2220|39|N|E|N|N|AP|26|POST AVENUE|
201400000000000000.00|L|1|2220|41|N|E|N|N|AP|22|POST AVENUE|
201400000000000000.00|L|1|2234|36|N|E|N|N|AP|66|VERMILYEA AVENUE|
201400000003291962.06|L|1|2220|11|N|E|N|N|AP|109|SHERMAN AVENUE|
201400000003291962.06|L|1|2220|13|N|E|N|N|AP|113|SHERMAN AVENUE|
201400000003291962.06|L|1|2220|15|N|E|N|N|AP|117|SHERMAN AVENUE|
201400000003291962.06|L|1|2220|17|N|E|N|N|AP|121|SHERMAN AVENUE|
201400000003291962.06|L|1|2220|19|N|E|N|N|AP|125|SHERMAN AVENUE|
201400000003291962.06|L|1|2220|21|N|E|N|N|AP|129|SHERMAN AVENUE|
201400000003291962.06|L|1|2220|23|N|E|N|N|AP|133|SHERMAN AVENUE|
201400000003291962.06|L|1|2220|33|N|E|N|N|AP|38|POST AVENUE|
201400000003291962.06|L|1|2220|35|N|E|N|N|AP|34|POST AVENUE|
201400000003291962.06|L|1|2220|37|N|E|N|N|AP|30|POST AVENUE|
201400000003291962.06|L|1|2220|39|N|E|N|N|AP|26|POST AVENUE|
201400000003291962.06|L|1|2220|41|N|E|N|N|AP|22|POST AVENUE|
201400000003291962.06|L|1|2234|36|N|E|N|N|AP|66|VERMILYEA AVENUE|
201400000008500000.00|L|1|2220|11|N|E|N|N|AP|109|SHERMAN AVENUE|
201400000008500000.00|L|1|2220|13|N|E|N|N|AP|113|SHERMAN AVENUE|
201400000008500000.00|L|1|2220|15|N|E|N|N|AP|117|SHERMAN AVENUE|
201400000008500000.00|L|1|2220|17|N|E|N|N|AP|121|SHERMAN AVENUE|
201400000008500000.00|L|1|2220|19|N|E|N|N|AP|125|SHERMAN AVENUE|
201400000008500000.00|L|1|2220|21|N|E|N|N|AP|129|SHERMAN AVENUE|
201400000008500000.00|L|1|2220|23|N|E|N|N|AP|133|SHERMAN AVENUE|
201400000008500000.00|L|1|2220|33|N|E|N|N|AP|38|POST AVENUE|
201400000008500000.00|L|1|2220|35|N|E|N|N|AP|34|POST AVENUE|
201400000008500000.00|L|1|2220|37|N|E|N|N|AP|30|POST AVENUE|
201400000008500000.00|L|1|2220|39|N|E|N|N|AP|26|POST AVENUE|
201400000008500000.00|L|1|2220|41|N|E|N|N|AP|22|POST AVENUE|
201400000008500000.00|L|1|2234|36|N|E|N|N|AP|66|VERMILYEA AVENUE|
201400000008500000.00|L|1|2220|11|N|E|N|N|AP|109|SHERMAN AVENUE|
201400000008500000.00|L|1|2220|13|N|E|N|N|AP|113|SHERMAN AVENUE|
201400000008500000.00|L|1|2220|15|N|E|N|N|AP|117|SHERMAN AVENUE|
201400000008500000.00|L|1|2220|17|N|E|N|N|AP|121|SHERMAN AVENUE|
201400000008500000.00|L|1|2220|19|N|E|N|N|AP|125|SHERMAN AVENUE|
201400000008500000.00|L|1|2220|21|N|E|N|N|AP|129|SHERMAN AVENUE|
201400000008500000.00|L|1|2220|23|N|E|N|N|AP|133|SHERMAN AVENUE|
201400000008500000.00|L|1|2220|33|N|E|N|N|AP|38|POST AVENUE|
201400000008500000.00|L|1|2220|35|N|E|N|N|AP|34|POST AVENUE|
201400000008500000.00|L|1|2220|37|N|E|N|N|AP|30|POST AVENUE|
201400000008500000.00|L|1|2220|39|N|E|N|N|AP|26|POST AVENUE|
201400000008500000.00|L|1|2220|41|N|E|N|N|AP|22|POST AVENUE|
201400000008500000.00|L|1|2234|36|N|E|N|N|AP|66|VERMILYEA AVENUE|
201400000000000000.00|L|1|2220|19|N|E|N|N|AP|125|SHERMAN AVENUE|
201400000000000000.00|L|1|2220|21|N|E|N|N|AP|129|SHERMAN AVENUE|
201400000000000000.00|L|1|2220|15|N|E|N|N|AP|117|SHERMAN AVENUE|
201400000000000000.00|L|1|2220|17|N|E|N|N|AP|121|SHERMAN AVENUE|
201400000000000000.00|L|1|2220|11|N|E|N|N|AP|109|SHERMAN AVENUE|
201400000000000000.00|L|1|2220|13|N|E|N|N|AP|113|SHERMAN AVENUE|
201400000000000000.00|L|1|2220|33|N|E|N|N|AP|38|POST AVENUE|
201400000000000000.00|L|1|2220|35|N|E|N|N|AP|34|POST AVENUE|
201400000000000000.00|L|1|2220|37|N|E|N|N|AP|30|POST AVENUE|
201400000000000000.00|L|1|2220|39|N|E|N|N|AP|26|POST AVENUE|
201400000000000000.00|L|1|2220|41|N|E|N|N|AP|22|POST AVENUE|
201500000000000000.00|L|1|1507|45|N|E|N|N|OT|60|EAST 96TH STREET|
201500000000000000.00|L|1|1507|45|N|E|N|N|OT|60|EAST 96TH STREET|
201500000000000000.00|L|1|1507|45|N|E|N|N|OT|60|EAST 96TH STREET|
201500000000000000.00|L|1|1507|45|N|E|N|N|OT|60|EAST 96TH STREET|
201500000002500000.00|L|1|1507|45|N|E|N|N|OT|60|EAST 96TH STREET|
201500000002500000.00|L|1|1507|45|N|E|N|N|OT|60|EAST 96TH STREET|
201500000000000000.00|L|1|1507|45|N|E|N|N|OT|60|EAST 96TH STREET|
201500000000000000.00|L|1|1507|45|N|E|N|N|OT|60|EAST 96TH STREET|
201500000000500000.00|L|1|1507|45|N|E|N|N|OT|60|EAST 96TH STREET|
201500000000500000.00|L|1|1507|45|N|E|N|N|OT|60|EAST 96TH STREET|
201500000000000000.00|L|1|1507|45|N|E|N|N|OT|60|EAST 96TH STREET|
201500000000000000.00|L|1|1507|45|N|E|N|N|OT|60|EAST 96TH STREET|
201500000092500000.00|L|1|826|19|N|E|N|N|CR|27|WEST 24TH STREET|
201500000014001341.64|L|1|826|19|N|E|N|N|CR|27|WEST 24TH STREET|
201500000052500000.00|L|1|826|19|N|E|N|N|CR|27|WEST 24TH STREET|
201500000052500000.00|L|1|826|19|N|E|N|N|CR|27|WEST 24TH STREET|
201500000000000000.00|L|1|826|19|N|E|N|N|CR|27|WEST 24TH STREET|
201500000000000000.00|L|1|1251|71|N|E|N|N|AP|194|RIVERSIDE DRIVE|
201500000000000000.00|L|1|1251|71|N|E|N|N|AP|194|RIVERSIDE DRIVE|
201500000000000000.00|L|1|1251|71|N|E|N|N|AP|194|RIVERSIDE DRIVE|
201500000000000000.00|L|1|1251|71|N|E|N|N|AP|194|RIVERSIDE DRIVE|
201500000000774642.33|L|1|1251|71|N|E|N|N|AP|194|RIVERSIDE DRIVE|
201500000002400000.00|L|1|1251|71|N|E|N|N|AP|194|RIVERSIDE DRIVE|
201500000002400000.00|L|1|1251|71|N|E|N|N|AP|194|RIVERSIDE DRIVE|
201500000000000000.00|L|1|449|56|N|E|N|N|D6|51|EAST 7TH STREET|
201500000000000000.00|L|1|449|56|N|E|N|N|D6|51|EAST 7TH STREET|
201500000000000000.00|L|1|449|56|N|E|N|N|D6|51|EAST 7TH STREET|
201500000002497268.36|L|1|449|56|N|E|N|N|D6|51|EAST 7TH STREET|
201500000002900000.00|L|1|449|56|N|E|N|N|D6|51|EAST 7TH STREET|
201500000001023341.25|L|1|894|2080|N|E|N|N|SC|325|LEXINGTON AVENUE|20C
201500000000000000.00|L|1|894|2080|N|E|N|N|SC|325|LEXINGTON AVENUE|20C
201500000000353000.00|L|1|894|2080|N|E|N|N|SC|325|LEXINGTON AVENUE|20C
201500000000000000.00|L|1|894|2080|N|E|N|N|SC|325|LEXINGTON AVENUE|20C
201300000000900000.00|L|3|879|7|N|E|N|N|CR|643|5TH AVENUE|
201300000013460000.00|L|3|1776|67|N|E|N|N|VR|781|DE KALB AVENUE|
201400000000000000.00|L|3|1828|74|N|E|N|N|D3|223|JEFFERSON AVENUE|
201400000000000000.00|L|3|5877|73|N|E|N|N|D2|853|70TH STREET|
201400000000000000.00|L|3|2319|1001|N|E|N|N|CC|144|NORTH 8TH STREET|
201400000000000000.00|L|3|2319|1001|N|E|N|N|CC|144|NORTH 8TH STREET|
201400000000275000.00|L|3|6322|1008|N|E|N|N|CK|8405|13TH|AVENUE
201400000000165000.00|L|3|6322|1008|N|E|N|N|CK|8405|13TH|AVENUE
201400000000000000.00|L|3|833|70|N|E|N|N|D6|613|56TH STREET|
201400000000000000.00|L|3|871|2|N|E|N|N|AP|271|PROSPECT PARK WEST|
201400000000000000.00|L|3|3847|15|N|E|N|N|D1|717|SACKMAN STREET|
201400000000000000.00|L|3|3076|1023|N|E|N|N|SC|14|BOERUM STREET|5C
201400000000000000.00|L|3|3076|1023|N|E|N|N|SC|14|BOERUM STREET|5C
201400000000200000.00|L|3|3076|1023|N|E|N|N|SC|14|BOERUM STREET|5C
201400000000730000.00|L|3|6707|72|N|E|N|N|D1|941|EAST 14TH STREET|
201400000000730000.00|L|3|6707|73|N|E|N|N|GR|939|EAST 14TH STREET|
201400000000584000.00|L|3|6707|72|N|E|N|N|D1|941|EAST 14TH STREET|
201400000000584000.00|L|3|6707|73|N|E|N|N|GR|939|EAST 14TH STREET|
201400000000375000.00|L|3|5296|66|N|E|N|N|RP|1225|37TH STREET|
201400000000000000.00|L|3|6678|1050|N|E|N|N|SR|412|KINGS HIGHWAY|R2
201400000000929000.00|L|3|6678|1025|N|E|N|N|SC|412|KINGS HIGHWAY|8B
201400000000929000.00|L|3|6678|1032|N|E|N|N|PS|412|KINGS HIGHWAY|P7
201400000000929000.00|L|3|6678|1050|N|E|N|N|SR|412|KINGS HIGHWAY|R2
201400000000000000.00|L|3|6678|1025|N|E|N|N|SC|412|KINGS HIGHWAY|8B
201400000000000000.00|L|3|6678|1032|N|E|N|N|PS|412|KINGS HIGHWAY|P7
201400000000000000.00|L|3|6678|1050|N|E|N|N|SR|412|KINGS HIGHWAY|R2
201400000000910000.00|L|3|7022|31|N|E|N|N|VR|2856|WEST 15TH STREET|
201400000000000000.00|L|3|7022|31|N|E|N|N|VR|2856|WEST 15TH STREET|
201400000000650000.00|L|3|1571|23|N|E|N|N|D6|18|SHERLOCK PLACE|
201400000000150000.00|L|3|1571|23|N|E|N|N|D6|18|SHERLOCK PLACE|
201400000000800000.00|L|3|1571|23|N|E|N|N|D6|18|SHERLOCK PLACE|
201400000000000000.00|L|3|891|1101|N|E|N|N|SC|284|20TH STREET|
201400000000000000.00|L|3|891|1102|N|E|N|N|SC|284|20TH STREET|
201400000000000000.00|L|3|891|1105|N|E|N|N|SC|284|20TH STREET|
201400000000000000.00|L|3|891|1106|N|E|N|N|SC|284|20TH STREET|
201400000000000000.00|L|3|891|1109|N|E|N|N|SC|284|20TH STREET|
201400000000000000.00|L|3|891|1110|N|E|N|N|SC|284|20TH STREET|
201400000000000000.00|L|3|891|1113|N|E|N|N|SC|284|20TH STREET|
201500000000000000.00|L|3|3556|23|N|E|N|N|D1|215|HERZL STREET|
201400000000000000.00|L|3|1159|39|N|E|N|N|D1|302|PROSPECT PLACE|
201400000000000000.00|L|3|1159|39|N|E|N|N|D1|302|PROSPECT PLACE|
201400000000000000.00|L|3|1159|39|N|E|N|N|D1|302|PROSPECT PLACE|
201500000002000000.00|L|3|1159|39|N|E|N|N|D1|302|PROSPECT PLACE|
201500000001500000.00|L|3|1159|39|N|E|N|N|D1|302|PROSPECT PLACE|
201400000000000000.00|L|3|2331|2|N|E|N|N|F1|51|HAVEMEYER STREET|
201400000006217931.00|L|3|8694|414|N|E|N|N|CR|1232|SURF AVENUE|
201400000006217931.00|L|3|8694|419|N|E|N|N|CR|3015|STILLWELL AVENUE|
201400000006217931.00|L|3|8694|414|N|E|N|N|CR|1232|SURF AVENUE|
201400000006217931.00|L|3|8694|419|N|E|N|N|CR|3015|STILLWELL AVENUE|
201400000000000000.00|L|3|8694|414|N|E|N|N|CR|1232|SURF AVENUE|
201400000000000000.00|L|3|8694|419|N|E|N|N|CR|3015|STILLWELL AVENUE|
201500000000000000.00|L|3|5222|27|N|E|N|N|D1|546|EAST 23RD STREET|
201500000000000000.00|L|3|1754|57|N|E|N|N|D1|57|VERNON AVE|
201500000000000000.00|L|3|1754|57|N|E|N|N|D1|57|VERNON AVE|
201500000000000000.00|L|3|4879|42|N|E|N|N|D3|167|EAST 42ND ST|
201400000000000000.00|L|3|4879|42|N|E|N|N|D3|167|EAST 42ND ST|
201500000000000010.00|L|3|947|28|N|E|N|N|D3|46|ST JOHNS PLACE|
201500000000000000.00|L|3|8353|31|N|E|N|N|D3|1256|E 68TH ST|
201400000000000000.00|L|3|8353|31|N|E|N|N|D3|1256|E 68TH ST|
201500000000000000.00|L|3|3348|43|N|E|N|N|D2|41|WOODBINE STREET|
201500000000850000.00|L|3|6623|6|N|E|N|N|D2|166|AVENUE P|
201400000000000000.00|L|3|4126|37|N|E|N|N|D6|310|RIDGEWOOD AVENUE|
201400000000560000.00|L|3|2263|1312|N|E|N|N|SC|721|BEDFORD AVE|12
201500000000000000.00|L|3|4297|49|N|E|N|N|F4|491|HEGEMAN AVENUE|
201500000000000000.00|L|3|673|22|N|E|N|N|D2|200|30TH STREET|
201500000000000000.00|L|3|7217|21|N|E|N|N|D2|2534|EAST 2ND STREET|
201500000000000000.00|L|3|8740|87|N|E|N|N|D2|235|BEAUMONT STREET|
201500000000650000.00|L|3|1574|1|N|E|N|N|D2|19|JARDINE PL|
201500000000635937.00|L|3|1574|1|N|E|N|N|D2|19|JARDINE PL|
201500000000000000.00|L|3|4087|1004|N|E|N|N|SC|584|VAN SICLEN AVENUE|1
201400000000000000.00|L|3|1290|28|N|E|N|N|D2|1224|CARROLL STREET|
201500000000000000.00|L|3|6370|16|N|E|N|N|D2|91|BAY 19 STREET|
201500000000709500.00|L|3|7305|43|N|E|N|N|D1|2623|AVENUE T|
201500000000490000.00|L|3|7305|43|N|E|N|N|D1|2623|AVENUE T|
201500000000000000.00|L|3|7305|43|N|E|N|N|D1|2623|AVENUE T|
201500000000950000.00|L|3|6764|59|N|E|N|N|D2|1591|EAST 17TH STREET|
201500000000570000.00|L|3|6764|59|N|E|N|N|D2|1591|EAST 17TH STREET|
201400000000020000.00|L|3|8022|24|N|E|N|N|D3|941|EAST 85TH STREET|
201500000000000000.00|L|3|1538|67|N|E|N|N|D3|11|SOMERS STREET|
201500000000000000.00|L|3|1897|1805|N|E|N|N|SC|609|MYRTLE AVENUE|2C
201500000000000000.00|L|3|7795|12|N|E|N|N|D1|1897|SCHENECTADY AVENUE|
201500000000000000.00|L|3|164|1314|N|E|N|N|SC|189|SCHERMERHORN STREET|22H
201500000000000000.00|L|3|824|21|N|E|N|N|D3|534|54TH STREET|
201500000001250000.00|L|3|824|21|N|E|N|N|D3|534|54TH STREET|
201500000000550000.00|L|3|824|21|N|E|N|N|D3|534|54TH STREET|
201500000000465000.00|L|3|4245|23|N|E|N|N|D4|892|BELMONT AVENUE|
201500000002071359.30|L|3|7731|33|N|E|N|N|CR|4700|GLENWOOD ROAD|
201500000006300000.00|L|3|7731|33|N|E|N|N|CR|4700|GLENWOOD ROAD|
201500000006300000.00|L|3|7731|33|N|E|N|N|CR|4700|GLENWOOD ROAD|
201500000005900000.00|L|3|7731|33|N|E|N|N|CR|4700|GLENWOOD ROAD|
201500000005900000.00|L|3|7731|33|N|E|N|N|CR|4700|GLENWOOD ROAD|
201500000000000000.00|L|3|1505|35|N|E|N|N|D3|634|DECATUR STREET|
201500000000280000.00|L|3|6121|3|N|E|N|N|SP|149|MARINE AVENUE|5J
201500000000365000.00|L|3|226|18|N|E|N|N|SP|72|ORANGE STREET|4B
201500000001026473.00|L|3|1768|35|N|E|N|N|RP|636|WILLOUGHBY AVENUE|
201500000000770250.00|L|3|1768|35|N|E|N|N|RP|636|WILLOUGHBY AVENUE|
201500000000051000.00|L|3|1768|35|N|E|N|N|RP|636|WILLOUGHBY AVENUE|
201500000000000000.00|L|3|4387|1|N|E|N|N|CR|960|ALABAMA AVE|
201500000016875000.00|L|3|4387|1|N|E|N|N|CR|960|ALABAMA AVE|
201500000016875000.00|L|3|4387|1|N|E|N|N|CR|960|ALABAMA AVE|
201500000000000000.00|L|3|4387|1|N|E|N|N|CR|960|ALABAMA AVE|
201500000000000000.00|L|3|4387|1|N|E|N|N|CR|960|ALABAMA AVE|
201500000000000000.00|L|3|393|58|N|E|N|N|D2|451|WARREN ST|
201500000000000000.00|L|3|983|1|N|E|N|N|AP|343|6 AVENUE|8
201500000000000000.00|L|3|983|1|N|E|N|N|AP|343|6 AVENUE|8
201500000003445000.00|L|3|983|1|N|E|N|N|AP|343|6 AVENUE|8
201500000003445000.00|L|3|983|1|N|E|N|N|AP|343|6 AVENUE|8
201500000003146272.00|L|3|983|1|N|E|N|N|AP|343|6 AVENUE|8
201500000003146272.00|L|3|983|1|N|E|N|N|AP|343|6 AVENUE|8
201500000000608728.00|L|3|983|1|N|E|N|N|AP|343|6 AVENUE|8
201500000000608728.00|L|3|983|1|N|E|N|N|AP|343|6 AVENUE|8
201500000000562000.00|L|3|226|35|N|E|N|N|SP|59|PINEAPPLE STREET|5C
201500000000631315.00|L|3|6413|1103|N|E|N|N|PS|155|BAY 28TH STREET|
201500000000631315.00|L|3|6413|1106|N|E|N|N|SC|155|BAY 28TH STREET|
201500000000372000.00|L|3|6413|1103|N|E|N|N|PS|155|BAY 28TH STREET|
201500000000372000.00|L|3|6413|1106|N|E|N|N|SC|155|BAY 28TH STREET|
201500000000000000.00|L|3|6413|1103|N|E|N|N|PS|155|BAY 28TH STREET|
201500000000000000.00|L|3|6413|1106|N|E|N|N|SC|155|BAY 28TH STREET|
201500000000000000.00|L|3|6413|1103|N|E|N|N|PS|155|BAY 28TH STREET|
201500000000000000.00|L|3|6413|1106|N|E|N|N|SC|155|BAY 28TH STREET|
201500000000000000.00|L|3|6413|1103|N|E|N|N|PS|155|BAY 28TH STREET|
201500000000000000.00|L|3|6413|1106|N|E|N|N|SC|155|BAY 28TH STREET|
201500000000000000.00|L|3|6413|1103|N|E|N|N|PS|155|BAY 28TH STREET|
201500000000000000.00|L|3|6413|1106|N|E|N|N|SC|155|BAY 28TH STREET|
201500000000000000.00|L|3|5680|6|N|E|N|N|OT|902|55TH STREET|
201500000000000000.00|L|3|7848|54|N|E|N|N|D1|1530|EAST 51ST STREET|
200400000000000000.00|L|3|7872|10|N|E|N|N|CR|4701|AVENUE N|
201500000000499268.25|L|3|8720|3044|N|E|N|N|SC|50|OCEANA DRIVE WEST|8C
201500000000000000.00|L|3|8720|3044|N|E|N|N|SC|50|OCEANA DRIVE WEST|8C
201500000000000000.00|L|3|8720|3044|N|E|N|N|SC|50|OCEANA DRIVE WEST|8C
201500000000000000.00|L|3|8720|3044|N|E|N|N|SC|50|OCEANA DRIVE WEST|8C
201500000000000000.00|L|3|8720|3044|N|E|N|N|SC|50|OCEANA DRIVE WEST|8C
201500000000000000.00|L|3|8720|3044|N|E|N|N|SC|50|OCEANA DRIVE WEST|8C
201500000000000000.00|L|3|8232|56|N|E|N|N|RP|10531|FLATLANDS 1 STREET|
201500000000000000.00|L|3|1066|9|N|E|N|N|OT|73|8TH AVENUE|
201500000000100000.00|L|3|1966|1205|N|E|N|N|SC|242|GREENE AVENUE|2A
201500000000400000.00|L|3|4905|73|N|E|N|N|D6|329|EAST 34TH STREET|
201500000000400000.00|L|3|4905|73|N|E|N|N|D6|329|EAST 34TH STREET|
201500000000000000.00|L|3|3165|6|N|E|N|N|F4|53|WILSON AVENUE|
201500000001200000.00|L|3|3165|6|N|E|N|N|F4|53|WILSON AVENUE|
201500000001200000.00|L|3|3165|6|N|E|N|N|F4|53|WILSON AVENUE|
201500000000000000.00|L|3|5676|9|N|E|N|N|D2|5401|12TH|AVENUE
201500000000000000.00|L|3|5219|53|N|E|N|N|D2|571|EAST 19TH ST|
201500000000000000.00|L|3|6672|50|N|E|N|N|F1|121|AVENUE S|
201500000000000000.00|L|3|5273|1003|N|E|N|N|SC|35|EAST 4TH STREET|
201500000000000000.00|L|3|6564|15|N|E|N|N|D2|1378|EAST 2ND STREET|
201500000000365000.00|L|3|4006|32|N|E|N|N|D2|178|ATKINS AVENUE|
201500000000000000.00|L|3|5305|24|N|E|N|N|D3|87|MINNA STREET|
201500000000000000.00|L|3|1079|15|N|E|N|N|D2|600|2 STREET|
201500000000000000.00|L|3|8592|67|N|E|N|N|D2|2362|NATIONAL DRIVE|
201500000000000000.00|L|3|7767|39|N|E|N|N|D2|1783|ALBANY AVENUE|
201500000000000000.00|L|3|1683|70|N|E|N|N|D1|313|BAINBRIDGE STREET|
201500000000000000.00|L|3|992|48|N|E|N|N|D3|247A|7 STREET|
201500000000000000.00|L|3|992|48|N|E|N|N|D3|247A|7 STREET|
201400000000000000.00|L|3|7043|6|N|E|N|N|VR|3812|ATLANTIC AVENUE|
201500000000000000.00|L|3|7043|6|N|E|N|N|VR|3812|ATLANTIC AVENUE|
201400000000000000.00|L|3|8797|42|N|E|N|N|D2|2786|BROWN STREET|
201500000000000000.00|L|3|8797|42|N|E|N|N|D2|2786|BROWN STREET|
201500000000000000.00|L|3|892|17|N|E|N|N|VR|324|20TH STREET|
201500000000430000.00|L|3|7468|42|N|E|N|N|D4|2656|EAST 24TH STREET|
201500000000000000.00|L|3|7468|42|N|E|N|N|D4|2656|EAST 24TH STREET|
201500000000550000.00|L|3|2264|2427|N|E|N|N|SC|284|WALLABOUT STREET|7A
201500000000000000.00|L|3|2264|2427|N|E|N|N|SC|284|WALLABOUT STREET|7A
201500000000375000.00|L|3|2264|2427|N|E|N|N|SC|284|WALLABOUT STREET|7A
201500000000000000.00|L|3|7856|7|N|E|N|N|D1|5807|AVENUE M|
201500000000000000.00|L|3|7856|7|N|E|N|N|D1|5807|AVENUE M|
201500000000107500.00|L|3|7593|41|N|E|N|N|SP|909|EAST 29TH STREET|
201500000000000000.00|L|3|6508|40|N|E|N|N|D1|999|EAST 5TH STREET|
201500000000257442.84|L|3|6508|40|N|E|N|N|D1|999|EAST 5TH STREET|
201500000000850000.00|L|3|6508|40|N|E|N|N|D1|999|EAST 5TH STREET|
201500000000000000.00|L|3|6377|19|N|E|N|N|D3|53|BAY 26TH STREET|
201500000000000000.00|L|3|1462|144|N|E|N|N|D2|462|HOWARD AVE|
201500000000001448.91|L|3|994|23|N|E|N|N|D2|374|6 STREET|
201500000001375000.00|L|3|994|23|N|E|N|N|D2|374|6 STREET|
201400000000000000.00|L|3|6155|153|N|E|N|N|D1|1263|70TH STREET|
201400000000000000.00|L|3|8282|7|N|E|N|N|D1|1535|EAST 98TH STREET|
201500000000603822.25|L|3|152|1039|N|E|N|N|SC|N/A|BRIDGE STREET|36D
201500000000000000.00|L|3|152|1039|N|E|N|N|SC|388|BRIDGE STREET|36D
201500000000000000.00|L|3|6608|1027|N|E|N|N|SC|1620|EAST 2ND STREET|
201500000000000000.00|L|3|2324|1104|N|E|N|N|SC|34|NORTH 7TH STREET|TH1
201500000000938250.00|L|3|5404|16|N|E|N|N|D2|1724|44TH STREET|
201500000000938250.00|L|3|5404|16|N|E|N|N|D2|1724|44TH STREET|
201500000000000000.00|L|3|7153|27|N|E|N|N|OT|2266|EAST 2ND STREET|
201500000000000000.00|L|3|6754|89|N|E|N|N|D1|1421|EAST 16TH STREET|
201500000000000000.00|L|3|6825|86|N|E|N|N|D2|1813|EAST 19TH STREET|
201400000000100000.00|L|3|393|50|N|E|N|N|D2|467|WARREN STREET|
201400000000250000.00|L|3|393|50|N|E|N|N|D2|467|WARREN STREET|
201500000000000000.00|L|3|738|32|N|E|N|N|D2|464|44TH STREET|
201500000001110000.00|L|3|5751|36|N|E|N|N|D4|1072|65TH STREET|
201500000000605000.00|L|3|5751|36|N|E|N|N|D4|1072|65TH STREET|
201500000000150314.64|L|3|5015|23|N|E|N|N|D1|809|EAST 40TH STREET|
201300000000030000.00|L|3|1855|23|N|E|N|N|D3|106|MAC DONOUGH STREET|
201300000000100000.00|L|3|1855|23|N|E|N|N|D3|106|MAC DONOUGH STREET|
201500000001150000.00|L|3|1124|55|N|E|N|N|VR|953|PACIFIC STREET|
201500000000000000.00|L|3|5362|10|N|E|N|N|F1|1502|42ND STREET|
201500000000000000.00|L|3|6335|34|N|E|N|N|D2|2156|84TH STREET|
201500000000000000.00|L|3|5411|21|N|E|N|N|OT|412|AVENUE F|
201500000000000000.00|L|3|5940|34|N|E|N|N|VN|364|BAY RIDGE PARKWAY|
201500000000000000.00|L|3|5940|36|N|E|N|N|CR|370|BAY RIDGE PARKWAY|
201500000000000000.00|L|3|8456|14|N|E|N|N|D1|2441|EAST 69TH STREET|
201500000000149086.41|L|3|8456|14|N|E|N|N|D1|2441|EAST 69TH STREET|
201500000000404000.00|L|3|8456|14|N|E|N|N|D1|2441|EAST 69TH STREET|
201500000000000000.00|L|3|799|15|N|E|N|N|D2|424|51 STREET|
201500000000000000.00|L|3|8065|75|N|E|N|N|RP|1282|EAST 87 STREET|
201500000000000000.00|L|3|8413|30|N|E|N|N|D1|2025|EAST 72ND STREET|
201500000000000000.00|L|3|3774|145|N|E|N|N|D1|414|WYONA STREET|
201500000000000000.00|L|3|6440|1003|N|E|N|N|SC|203|BAY 22ND STREET|
201500000000100000.00|L|3|2058|1143|N|E|N|N|SC|365|BRIDGE STREET|10F
201500000000410000.00|L|3|5194|44|N|E|N|N|D2|2817|AVENUE D|
201500000000307500.00|L|3|5194|44|N|E|N|N|D2|2817|AVENUE D|
201500000000000000.00|L|3|7102|26|N|E|N|N|D2|252|LAKE STREET|
201500000000007825.37|L|3|7975|33|N|E|N|N|D1|629|EAST 57TH STREET|
201500000000264000.00|L|3|7975|33|N|E|N|N|D1|629|EAST 57TH STREET|
201500000000000000.00|L|3|5594|30|N|E|N|N|D4|1360|41ST STREET|
201400000000000000.00|L|3|6330|19|N|E|N|N|D3|2130|83RD STREET|
201500000000000000.00|L|3|1617|54|N|E|N|N|D1|969|GREENE AVENUE|
201200000000000000.00|L|3|1617|54|N|E|N|N|D1|969|GREENE AVENUE|
201500000000000000.00|L|3|5686|1213|N|E|N|N|CR|849|57TH STREET|
201500000000000000.00|L|3|5686|1214|N|E|N|N|CR|849|57TH STREET|
201500000000000000.00|L|3|5686|1215|N|E|N|N|CR|849|57TH STREET|
201500000000000000.00|L|3|5686|1216|N|E|N|N|CR|849|57TH STREET|
201500000000000000.00|L|3|3690|12|N|E|N|N|CR|2732|ATLANTIC AVENUE|
201500000000000000.00|L|3|3690|13|N|E|N|N|CR|2734|ATLANTIC AVENUE|
201500000000000000.00|L|3|3672|4|N|E|N|N|D3|143|VERMONT STREET|
201500000000000000.00|L|3|3946|46|N|E|N|N|D3|189|MILLER AVENUE|
201500000000000000.00|L|3|5860|212|N|E|N|N|D1|6815|BLISS TERRACE|
201500000003060000.00|L|3|3672|37|N|E|N|N|AP|110|WYONA STREET|
201500000000804392.41|L|3|3672|37|N|E|N|N|AP|110|WYONA STREET|
201500000002150000.00|L|3|3672|37|N|E|N|N|AP|110|WYONA STREET|
201500000002150000.00|L|3|3672|37|N|E|N|N|AP|110|WYONA STREET|
201500000000588359.00|L|3|278|1111|N|E|N|N|SC|233|PACIFIC STREET|3C
201500000000592000.00|L|3|278|1111|N|E|N|N|SC|233|PACIFIC STREET|3C
201500000000000000.00|L|3|278|1111|N|E|N|N|SC|233|PACIFIC STREET|3C
201500000000000000.00|L|3|7638|11|N|E|N|N|OT|1767|OCEAN AVENUE|
201500000000000000.00|L|3|5661|23|N|E|N|N|OT|1142|52ND STREET|
201400000000000000.00|L|3|8205|53|N|E|N|N|D3|1140|EAST 98TH STREET|
201400000000000000.00|L|3|8205|53|N|E|N|N|D3|1140|EAST 98TH STREET|
201500000000000000.00|L|3|5082|18|N|E|N|N|CR|830|FLATBUSH AVENUE|
201500000000565000.00|L|3|6086|1202|N|E|N|N|SC|345|92ND STREET|1B
201500000000000000.00|L|3|3601|125|N|E|N|N|D1|435|BRISTOL STREET|
201500000000000000.00|L|3|7193|63|N|E|N|N|D2|2437|WEST 3RD STREET|
201500000000000000.00|L|3|3518|66|N|E|N|N|AP|556|THOMAS S BOYLAND ST|
201500000000000000.00|L|3|8235|1021|N|E|N|N|SC|568|LOUISIANA AVENUE|3
201500000000505000.00|L|3|7756|72|N|E|N|N|D2|1140|EAST 53RD STREET|
201500000000220000.00|L|3|7779|22|N|E|N|N|SP|1199|EAST 53 STREET|7X
201500000000000000.00|L|3|2907|1183|N|E|N|N|SC|94|MASPETH AVENUE|7G
201500000000000000.00|L|3|1951|12|N|E|N|N|D1|12|CLIFTON PLACE|
201500000000615000.00|L|3|7422|766|N|E|N|N|D2|2423|EAST 26TH STREET|
201500000000350000.00|L|3|7422|766|N|E|N|N|D2|2423|EAST 26TH STREET|
201500000000300000.00|L|3|1971|48|N|E|N|N|D2|129|QUINCY STREET|
201500000000000000.00|L|3|3807|1|N|E|N|N|F1|581|NEW JERSEY|
201500000000780000.00|L|3|7770|76|N|E|N|N|D2|4531|KINGS HIGHWAY|
201500000000780000.00|L|3|7770|76|N|E|N|N|D2|4531|KINGS HIGHWAY|
201500000000000000.00|L|3|6248|12|N|E|N|N|D2|1714|77TH STREET|
201500000000000000.00|L|3|6248|12|N|E|N|N|D2|1714|77TH STREET|
201500000000880000.00|L|3|765|28|N|E|N|N|D2|458|47TH STREET|
201500000000440000.00|L|3|765|28|N|E|N|N|D2|458|47TH STREET|
201500000000221067.86|L|3|1679|27|N|E|N|N|D1|190A|DECATUR STREET|
201500000000218403.93|L|3|1679|27|N|E|N|N|D1|190A|DECATUR STREET|
201500000000000000.00|L|3|1018|79|N|E|N|N|D3|425|11TH STREET|
201500000000125000.00|L|3|7682|16|N|E|N|N|SP|2807|KINGS HIGHWAY|1B
201400000000000000.00|L|3|3136|27|N|E|N|N|D2|89|BEAVER STREET|
201400000000533850.00|L|3|3136|27|N|E|N|N|D2|89|BEAVER STREET|
201400000000000000.00|L|3|5615|48|N|E|N|N|OT|4520|12TH|AVENUE
201400000000000000.00|L|3|5622|64|N|E|N|N|OT|1215|47TH STREET|
201400000000000000.00|L|3|5623|12|N|E|N|N|OT|1314|46TH STREET|
201400000000000000.00|L|3|5628|1|N|E|N|N|OT|4711|12TH|AVENUE
201500000000157000.00|L|3|7776|26|N|E|N|N|SP|1270|E. 51ST STREET|7W
201500000001150000.00|L|3|7127|58|N|E|N|N|D4|2139|WEST STREET|
201500000000575000.00|L|3|7127|58|N|E|N|N|D4|2139|WEST STREET|
201500000000465500.00|L|3|1775|44|N|E|N|N|CR|765|DEKALB AVENUE|
201500000000465500.00|L|3|1775|44|N|E|N|N|CR|765|DEKALB AVENUE|
201500000000060867.91|L|3|403|18|N|E|N|N|RP|352|BALTIC STREET|
201500000000000000.00|L|3|403|18|N|E|N|N|RP|352|BALTIC STREET|
201500000000450000.00|L|3|403|18|N|E|N|N|RP|352|BALTIC STREET|
201500000002900000.00|L|3|285|26|N|E|N|N|AP|154|ATLANTIC AVENUE|
201500000000000000.00|L|3|5903|1210|N|E|N|N|SC|1048|71ST STREET|
201500000000000000.00|L|3|5903|1210|N|E|N|N|SC|1048|71ST STREET|
201500000000000000.00|L|3|5903|1210|N|E|N|N|SC|1048|71ST STREET|
201500000000000000.00|L|3|4997|14|N|E|N|N|D3|1471|NEW YORK AVENUE|
201500000000670000.00|L|3|4887|42|N|E|N|N|D4|979|NEW YORK AVENUE|4
201500000000502500.00|L|3|4887|42|N|E|N|N|D4|979|NEW YORK AVENUE|4
201500000000502500.00|L|3|4887|42|N|E|N|N|D4|979|NEW YORK AVENUE|4
201500000000006121.30|L|3|1166|76|N|E|N|N|D2|407|STERLING PLACE|
201500000001070000.00|L|3|1166|76|N|E|N|N|D2|407|STERLING PLACE|
201500000000000000.00|L|3|1166|76|N|E|N|N|D2|407|STERLING PLACE|
201500000000636406.25|L|3|8805|1031|N|E|N|N|PS|3165|EMMONS AVENUE|P31
201500000000636406.25|L|3|8805|1032|N|E|N|N|PS|3165|EMMONS AVENUE|P32
201500000000636406.25|L|3|8805|1099|N|E|N|N|SC|3165|EMMONS AVENUE|3N
201500000000468750.00|L|3|8805|1031|N|E|N|N|PS|3165|EMMONS AVENUE|P31
201500000000468750.00|L|3|8805|1032|N|E|N|N|PS|3165|EMMONS AVENUE|P32
201500000000468750.00|L|3|8805|1099|N|E|N|N|SC|3165|EMMONS AVENUE|3N
201500000000000000.00|L|3|8805|1031|N|E|N|N|PS|3165|EMMONS AVENUE|P31
201500000000000000.00|L|3|8805|1032|N|E|N|N|PS|3165|EMMONS AVENUE|P32
201500000000000000.00|L|3|8805|1099|N|E|N|N|SC|3165|EMMONS AVENUE|3N
201500000000000000.00|L|3|6170|33|N|E|N|N|D1|1662|70TH STREET|
201500000000000000.00|L|3|6170|33|N|E|N|N|D1|1662|70TH STREET|
201500000000415000.00|L|3|7841|47|N|E|N|N|D1|2154|TROY AVENUE|
201500000000332000.00|L|3|7841|47|N|E|N|N|D1|2154|TROY AVENUE|
201500000000000000.00|L|3|245|1361|N|E|N|N|SC|360|FURMAN STREET|1026
201500000000000000.00|L|3|245|1362|N|E|N|N|SC|360|FURMAN STREET|1027
201500000000000000.00|L|3|245|1512|N|E|N|N|PS|360|FURMAN STREET|P50
201500000000000000.00|L|3|245|1361|N|E|N|N|SC|360|FURMAN STREET|1026
201500000000000000.00|L|3|245|1362|N|E|N|N|SC|360|FURMAN STREET|1027
201500000000000000.00|L|3|245|1512|N|E|N|N|PS|360|FURMAN STREET|P50
201500000000000000.00|L|3|245|1361|N|E|N|N|SC|360|FURMAN STREET|1026
201500000000000000.00|L|3|245|1362|N|E|N|N|SC|360|FURMAN STREET|1027
201500000000000000.00|L|3|245|1512|N|E|N|N|PS|360|FURMAN STREET|P50
201500000000591747.33|L|3|245|1361|N|E|N|N|SC|360|FURMAN STREET|1026
201500000000591747.33|L|3|245|1362|N|E|N|N|SC|360|FURMAN STREET|1027
201500000000591747.33|L|3|245|1512|N|E|N|N|PS|360|FURMAN STREET|P50
201500000000000000.00|L|3|245|1361|N|E|N|N|SC|360|FURMAN STREET|1026
201500000000000000.00|L|3|245|1362|N|E|N|N|SC|360|FURMAN STREET|1027
201500000000000000.00|L|3|245|1512|N|E|N|N|PS|360|FURMAN STREET|P50
201500000001350000.00|L|3|3441|30|N|E|N|N|D6|632|WILSON AVENUE|
201500000000929500.00|L|3|3441|30|N|E|N|N|D6|632|WILSON AVENUE|
201500000000929500.00|L|3|3441|30|N|E|N|N|D6|632|WILSON AVENUE|
201500000000000000.00|L|3|5174|8|N|E|N|N|AP|470|STRATFORD ROAD|61
201500000000000000.00|L|3|5174|8|N|E|N|N|AP|470|STRATFORD ROAD|61
201500000002924980.86|L|3|5174|8|N|E|N|N|AP|470|STRATFORD ROAD|61
201500000000000000.00|L|3|1150|32|N|E|N|N|D4|124|ST MARKS AVENUE|
201400000000000000.00|L|3|797|64|N|E|N|N|OT|223|52ND STREET|
201400000000000000.00|L|3|845|48|N|E|N|N|VN|267|58TH STREET|
201400000000000000.00|L|3|5862|64|N|E|N|N|F4|249|BAY RIDGE AVENUE|
201500000000000000.00|L|3|6141|59|N|E|N|N|D3|272|DAHLGREN PLACE|
201500000000000000.00|L|3|6141|59|N|E|N|N|D3|272|DAHLGREN PLACE|
201500000000000000.00|L|3|6141|59|N|E|N|N|D3|272|DAHLGREN PLACE|
201500000000480000.00|L|3|6141|59|N|E|N|N|D3|272|DAHLGREN PLACE|
201500000000773870.00|L|3|6652|1017|N|E|N|N|SC|1740|WEST 4TH STREET|4C
201500000000773870.00|L|3|6652|1061|N|E|N|N|PS|1740|WEST 4TH STREET|
201500000000000000.00|L|3|6652|1017|N|E|N|N|SC|1740|WEST 4TH STREET|
201500000000000000.00|L|3|6652|1061|N|E|N|N|PS|1740|WEST 4TH STREET|
201400000000000000.00|L|3|3949|15|N|E|N|N|D1|137|SCHENCK AVENUE|
201500000000499000.00|L|3|1238|62|N|E|N|N|D6|683|STERLING PLACE|
201500000000000000.00|L|3|891|40|N|E|N|N|D3|674A|6 AVENUE|
201500000000000000.00|L|3|453|42|N|E|N|N|D2|476|CARROLL STREET|
201500000000000000.00|L|3|640|46|N|E|N|N|D4|223|21ST STREET|
201500000000000000.00|L|3|640|46|N|E|N|N|D4|223|21ST STREET|
201500000000000000.00|L|3|891|40|N|E|N|N|D3|674A|6 AVENUE|
201500000000000000.00|L|3|453|42|N|E|N|N|D2|476|CARROLL STREET|
201500000001425000.00|L|3|453|42|N|E|N|N|D2|476|CARROLL STREET|
201500000001425000.00|L|3|640|46|N|E|N|N|D4|223|21ST STREET|
201500000001425000.00|L|3|891|40|N|E|N|N|D3|674A|6 AVENUE|
201500000001425000.00|L|3|453|42|N|E|N|N|D2|476|CARROLL STREET|
201500000001425000.00|L|3|640|46|N|E|N|N|D4|223|21ST STREET|
201500000001425000.00|L|3|891|40|N|E|N|N|D3|674A|6 AVENUE|
201500000000000000.00|L|3|8832|24|N|E|N|N|D1|217|ALLEN AVENUE|
201500000000130000.00|L|3|6895|41|N|E|N|N|D1|2540|BATH AVENUE|
201500000000938000.00|L|3|6206|25|N|E|N|N|D2|1950|73RD STREET|
201500000000488000.00|L|3|6206|25|N|E|N|N|D2|1950|73RD STREET|
201500000000000000.00|L|3|2058|1061|N|E|N|N|SC|365|BRIDGE STREET|5I
201500000007860262.00|L|3|870|2|N|E|N|N|AP|1683|8 AVENUE|
201500000007860262.00|L|3|870|3|N|E|N|N|AP|1677|8 AVENUE|
201500000007860262.00|L|3|1105|49|N|E|N|N|AP|439|16TH STREET|
201500000000000000.00|L|3|2129|1103|N|P|N|N|SC|42|BROADWAY|2B
201500000000000000.00|L|3|3389|47|N|E|N|N|D3|1139|HANCOCK STREET|
201500000000000000.00|L|3|7402|4|N|E|N|N|D1|1710|AVENUE W|
201500000000000000.00|L|3|7402|4|N|E|N|N|D1|1710|AVENUE W|
201500000000048382.00|L|3|7402|4|N|E|N|N|D1|1710|AVENUE W|
201500000000000000.00|L|3|6214|3|N|E|N|N|D4|7415|16TH|AVENUE
201500000000860000.00|L|3|6214|3|N|E|N|N|D4|7415|16TH AVENUE|
201500000000600000.00|L|3|6214|3|N|E|N|N|D4|7415|16TH AVENUE|
201500000000000000.00|L|3|957|14|N|E|N|N|AP|772-774|UNION STREET|
201500000000000000.00|L|3|8665|507|N|E|N|N|VR|6|BRIGHTON 5 PLACE|
201500000000000000.00|L|3|8665|507|N|E|N|N|VR|6|BRIGHTON 5 PLACE|
201500000000350000.00|L|3|7754|34|N|E|N|N|CR|1639|UTICA AVENUE|
201400000000000000.00|L|3|7754|34|N|E|N|N|CR|1639|UTICA AVENUE|
201500000000555000.00|L|3|7738|58|N|E|N|N|RP|932|E. 55TH ST|
201500000000499500.00|L|3|7738|58|N|E|N|N|RP|932|E. 55TH ST|
201500000000815000.00|L|3|1158|61|N|E|N|N|SP|225|PARK PLACE|3C
201500000000990000.00|L|3|6215|13|N|E|N|N|D3|1714|74TH STREET|
201500000000490000.00|L|3|6215|13|N|E|N|N|D3|1714|74TH STREET|
201500000001500000.00|L|3|6634|5|N|E|N|N|CR|432|AVENUE P|
201500000001500000.00|L|3|6634|6|N|E|N|N|CR|434|AVENUE P|
201400000000000000.00|L|3|989|70|N|E|N|N|D3|427|6TH STREET|
199300000000000000.00|L|3|989|70|N|E|N|N|D3|427|6TH STREET|
201500000002575000.00|L|3|989|70|N|E|N|N|D3|427|6TH STREET|6
201500000001802500.00|L|3|989|70|N|E|N|N|D3|427|6TH STREET|6
201500000000001989.04|L|3|7864|7|N|E|N|N|D1|4009|QUENTIN ROAD|
201500000000436000.00|L|3|7864|7|N|E|N|N|D1|4009|QUENTIN ROAD|
201500000000000000.00|L|3|7864|7|N|E|N|N|D1|4009|QUENTIN ROAD|
201500000000000000.00|L|3|1642|73|N|E|N|N|RP|703A|MADISON STREET|
201500000000000000.00|L|3|1642|73|N|E|N|N|RP|703A|MADISON STREET|
201500000000000000.00|L|3|1974|1012|N|E|N|N|SC|315|GATES AVENUE|1F
201500000000000000.00|L|3|1974|1111|N|E|N|N|PS|315|GATES AVENUE|P35
201500000000000000.00|L|3|1974|1012|N|E|N|N|SC|315|GATES AVENUE|1F
201500000000000000.00|L|3|1974|1111|N|E|N|N|PS|315|GATES AVENUE|P35
201500000000007517.27|L|3|1974|1012|N|E|N|N|SC|315|GATES AVENUE|1F
201500000000007517.27|L|3|1974|1111|N|E|N|N|PS|315|GATES AVENUE|P35
201500000000401950.00|L|3|1974|1012|N|E|N|N|SC|315|GATES AVENUE|1F
201500000000401950.00|L|3|1974|1111|N|E|N|N|PS|315|GATES AVENUE|P35
201500000000000000.00|L|3|636|62|N|E|N|N|D6|133|20TH STREET|
201500000000000000.00|L|3|5426|1005|N|E|N|N|SC|36|PARKVILLE AVE|2A
200400000000000000.00|L|3|6215|13|N|E|N|N|D3|1714|74TH STREET|
201500000000000000.00|L|3|4194|29|N|E|N|N|RP|416|EUCLID AVENUE|
199800000000000000.00|L|3|8049|75|N|E|N|N|D2|1176|EAST 84TH STREET|
201500000000325000.00|L|3|8049|75|N|E|N|N|D2|1176|EAST 84TH STREET|
201500000000000000.00|L|3|2107|15|N|E|N|N|CR|590|FULTON STREET|
201500000000000000.00|L|3|2107|30|N|E|N|N|CR|85|ROCKWELL PLACE|
201500000000000000.00|L|3|2107|33|N|E|N|N|CR|262|ASHLAND PLACE|
201500000000000000.00|L|3|2107|36|N|E|N|N|CR|19|LAFAYETTE AVENUE|
201500000000000000.00|L|3|2107|15|N|E|N|N|CR|590|FULTON STREET|
201500000000000000.00|L|3|2107|30|N|E|N|N|CR|85|ROCKWELL PLACE|
201500000000000000.00|L|3|2107|33|N|E|N|N|CR|262|ASHLAND PLACE|
201500000000000000.00|L|3|2107|36|N|E|N|N|CR|19|LAFAYETTE AVENUE|
201500000000292000.00|L|3|8179|60|N|E|N|N|D1|18|DURLAND PLACE|
201500000000000000.00|L|3|5667|24|N|E|N|N|RP|1062|53rd STREET|
201500000000000000.00|L|3|1658|24|N|E|N|N|VR|804|JEFFERSON AVENUE|
201500000000000000.00|L|3|1658|27|N|E|N|N|VR|806|JEFFERSON AVENUE|
201500000000000000.00|L|3|1658|24|N|E|N|N|VR|804|JEFFERSON AVENUE|
201500000000000000.00|L|3|1658|27|N|E|N|N|VR|806|JEFFERSON AVENUE|
201500000002840000.00|L|3|5400|68|N|E|N|N|OF|581|OCEAN PARKWAY|
201500000000000000.00|L|3|1239|5|N|E|N|N|AP|1467|BEDFORD AVENUE|
201500000000000000.00|L|3|8024|33|N|E|N|N|D3|919|EAST 87th STREET|
201500000000000000.00|L|3|422|54|N|E|N|N|D1|397|SACKETT STREET|
201500000000004778.87|L|3|422|54|N|E|N|N|D1|397|SACKETT STREET|
201500000000525575.00|L|3|422|54|N|E|N|N|D1|397|SACKETT STREET|
201400000000368900.85|L|3|1668|82|N|E|N|N|D1|651|MACON STREET|
201500000000000000.00|L|3|3830|13|N|E|N|N|RP|671|SACKMAN STREET|
201500000000000000.00|L|3|2168|1044|N|E|N|N|SC|60|MORTON STREET|71
201400000000334227.78|L|3|4245|40|N|E|N|N|D1|1149|SUTTER AVENUE|
201500000000000000.00|L|3|4109|26|N|E|N|N|RP|53|LINCOLN AVENUE|
201500000000000000.00|L|3|4109|26|N|E|N|N|RP|53|LINCOLN AVENUE|
201500000000000000.00|L|3|2849|7|N|E|N|N|RP|106|KINGSLAND AVENUE|
201500000000645000.00|L|3|1818|82|N|E|N|N|RP|231|MADISON STREET|
201400000000000000.00|L|3|5649|54|N|E|N|N|D3|1359|51ST STREET|
201500000001350000.00|L|3|5510|60|N|E|N|N|D2|1663|60TH STREET|
201500000000000000.00|L|3|8404|36|N|E|N|N|D1|2015|EAST 61ST STREET|
201500000000000000.00|L|3|1891|81|N|E|N|N|VN|491|MYRTLE AVENUE|
201500000000000000.00|L|3|1891|81|N|E|N|N|VN|491|MYRTLE AVENUE|
201500000000000000.00|L|3|8373|61|N|E|N|N|D3|7248|BERGEN COURT|
201400000000000000.00|L|3|2522|78|N|E|N|N|D3|101|HURON STREET|
201500000000000000.00|L|3|1534|75|N|E|N|N|F1|151|HULL STREET|
201400000000294759.76|L|3|5584|20|N|E|N|N|D1|1048|39th STREET|
201500000000000000.00|L|3|4245|19|N|E|N|N|D4|882|BELMONT AVENUE|
201500000001250000.00|L|3|6400|9|N|E|N|N|F1|1703|BATH AVENUE|
201500000000400000.00|L|3|6400|9|N|E|N|N|F1|1703|BATH AVENUE|
201500000000000000.00|L|3|4992|8|N|E|N|N|D1|4518|FOSTER AVENUE|
201500000000000000.00|L|3|4992|8|N|E|N|N|D1|4518|FOSTER AVENUE|
201500000000000000.00|L|3|4992|8|N|E|N|N|D1|4518|FOSTER AVENUE|
201500000000000000.00|L|3|4992|8|N|E|N|N|D1|4518|FOSTER AVENUE|
201500000000009305.29|L|3|4992|8|N|E|N|N|D1|4518|FOSTER AVENUE|
201500000000257750.00|L|3|4992|8|N|E|N|N|D1|4518|FOSTER AVENUE|
201500000000000000.00|L|3|7615|73|N|E|N|N|D1|1232|EAST 34TH STREET|
201400000000432242.82|L|3|4077|42|N|E|N|N|D1|584|JEROME STREET|
201500000000000000.00|L|3|2266|1101|N|E|N|N|SC|392|WALLABOUT ST|1
201500000000000000.00|L|3|2266|1101|N|E|N|N|SC|392|WALLABOUT ST|1
201500000000499000.00|L|3|7808|23|N|E|N|N|F1|1837|FLATBUSH AVENUE|
201500000000010000.00|L|3|1886|1544|N|E|N|N|PS|43|SKILLMAN STREET|P12
201500000000010000.00|L|3|1886|1545|N|E|N|N|PS|43|SKILLMAN STREET|P13
201500000000150000.00|L|3|3194|22|N|E|N|N|D3|34|DITMARS STREET|
201500000000150000.00|L|3|3194|22|N|E|N|N|D3|34|DITMARS STREET|
201500000000999999.00|L|3|3239|4|N|E|N|N|D3|113|ST. NICHOLAS AVENUE|
201500000029712593.00|L|3|2100|76|N|E|N|N|AP|99|LAFAYETTE AVENUE|
201500000002100000.00|L|3|5066|64|N|E|N|N|AP|285|LENOX ROAD|
201500000000000000.00|L|3|4203|33|N|E|N|N|RP|518|GRANT AVENUE|
201500000000000000.00|L|3|3624|17|N|E|N|N|RP|581|BRISTOL STREET|
201500000000660000.00|L|3|4294|44|N|E|N|N|F1|423|HEGEMAN AVENUE|
201500000000360000.00|L|3|4294|44|N|E|N|N|F1|423|HEGEMAN AVENUE|
201500000000360000.00|L|3|4294|44|N|E|N|N|F1|423|HEGEMAN AVENUE|
201500000000000000.00|L|3|2073|4|N|E|N|N|AP|193|CARLTON AVENUE|
201500000000300452.72|L|3|2073|4|N|E|N|N|AP|193|CARLTON AVENUE|
201500000000980000.00|L|3|2073|4|N|E|N|N|AP|193|CARLTON AVENUE|
201500000000000000.00|L|3|4148|41|N|E|N|N|D3|266|AUTUMN AVENUE|
201500000000000000.00|L|3|1982|20|N|E|N|N|D3|399|GRAND AVENUE|
201500000000000000.00|L|3|1262|37|N|E|N|N|D2|292|NEW YORK AVENUE|
201500000000016749.24|L|3|1262|37|N|E|N|N|D2|292|NEW YORK AVENUE|
201500000000630000.00|L|3|1262|37|N|E|N|N|D2|292|NEW YORK AVENUE|
201400000000000000.00|L|3|1262|37|N|E|N|N|D2|292|NEW YORK AVENUE|
201500000000000000.00|L|3|5710|53|N|E|N|N|CR|1143-1145|60TH STREET|
201500000001430000.00|L|3|5710|53|N|E|N|N|CR|1143-1145|60TH STREET|
201500000000000000.00|L|3|2267|1019|N|E|N|N|SC|111|GERRY STREET|19
201500000000849000.00|L|3|6832|76|N|E|N|N|D2|1825|EAST 26TH STREET|
201500000000636750.00|L|3|6832|76|N|E|N|N|D2|1825|EAST 26TH STREET|
201500000000000000.00|L|3|6219|48|N|E|N|N|RP|7424|BAY PARKWAY|
201500000000000000.00|L|3|4960|33|N|E|N|N|D2|1234|TROY AVENUE|
201500000003690000.00|L|3|1777|62|N|E|N|N|CR|855|DEKALB AVENUE|
201500000000000000.00|L|3|5243|51|N|E|N|N|RP|616|EAST 23rd STREET|
201400000000459932.84|L|3|6584|105|N|E|N|N|D1|213|RYDER AVENUE|
201500000000000000.00|L|3|8082|17|N|E|N|N|RP|1418|EAST 86th STREET|
201500000000000000.00|L|3|4671|21|N|E|N|N|D4|380|ROCKAWAY PARKWAY|
201500000000000000.00|L|3|8060|1209|N|E|N|N|SC|1223|EAST 80TH STREET|
201400000003500000.00|L|3|1214|76|N|E|N|N|CR|1173|BERGEN STREET|
201500000000414500.00|L|3|5647|2|N|E|N|N|D2|5019|11TH|AVENUE
201500000000000000.00|L|3|1618|35|N|E|N|N|OT|1003|GREENE AVENUE|
201500000000000000.00|L|3|1618|35|N|E|N|N|OT|1003|GREENE AVENUE|
201500000000000000.00|L|3|1623|25|N|E|N|N|OT|1038|GREENE AVENUE|
201500000000000000.00|L|3|1623|25|N|E|N|N|OT|1038|GREENE AVENUE|
201500000000000000.00|L|3|1321|1004|N|P|N|N|D6|502|NEW YORK AVENUE|2B
201500000000000000.00|L|3|5199|1|N|E|N|N|D1|1304|DITMAS AVENUE|
201500000000000000.00|L|3|7219|145|N|E|N|N|RP|9|MANHATTAN COURT|
201500000000000000.00|L|3|7219|145|N|E|N|N|RP|9|MANHATTAN COURT|
201500000000022300.00|L|3|7219|145|N|E|N|N|RP|9|MANHATTAN COURT|
201500000000001651.65|L|3|7180|32|N|E|N|N|D1|2389|EAST 4th STREET|
201500000000532600.00|L|3|7180|32|N|E|N|N|D1|2389|EAST 4th STREET|
201500000001400000.00|L|3|1075|39|N|E|N|N|SP|44|PROSPECT PARK WEST|F-9
201300000000000000.00|L|3|8036|28|N|E|N|N|D1|1029|EAST 84th STREET|
201300000000344795.08|L|3|8036|28|N|E|N|N|D1|1029|EAST 84th STREET|
201300000000078403.61|L|3|8036|28|N|E|N|N|D1|1029|EAST 84th STREET|
201500000000000000.00|L|3|6335|34|N|E|N|N|RP|2156|84th STREET|
201500000001650000.00|L|3|8728|55|N|E|N|N|RP|72|COLERIDGE STREET|
201500000000570000.00|L|3|5746|1068|N|E|N|N|SC|1228|64TH STREET|D
201500000000456000.00|L|3|5746|1068|N|E|N|N|SC|1228|64TH STREET|D
201500000000000000.00|L|3|5746|1068|N|E|N|N|SC|1228|64TH STREET|D
201500000000200000.00|L|3|5995|25|N|E|N|N|D1|168|81st STREET|
201500000000450000.00|L|3|1797|51|N|E|N|N|D4|480|GREENE AVENUE|
201500000000480000.00|L|3|1797|51|N|E|N|N|D4|480|GREENE AVENUE|
201500000000120000.00|L|3|1797|51|N|E|N|N|D4|480|GREENE AVENUE|
201400000000300000.00|L|3|5487|28|N|E|N|N|D1|1856|54TH STREET|
201500000000570000.00|L|3|8812|118|N|E|N|N|D3|107|NEPTUNE AVENUE|
201500000000463980.00|L|3|8812|118|N|E|N|N|D3|107|NEPTUNE AVENUE|
201300000000000000.00|L|3|8812|118|N|E|N|N|D3|107|NEPTUNE AVENUE|
201400000000000000.00|L|3|3978|1|N|E|N|N|D2|533|GLENMORE AVENUE|
201500000000001567.02|L|3|3978|1|N|E|N|N|D2|533|GLENMORE AVENUE|
201500000000281500.00|L|3|3978|1|N|E|N|N|D2|533|GLENMORE AVENUE|
201500000000000000.00|L|3|3978|1|N|E|N|N|D2|533|GLENMORE AVENUE|
201500000000004719.03|L|3|8374|1465|N|E|N|N|D1|1471|ROYCE STREET|2E
201500000000393150.00|L|3|8374|1465|N|E|N|N|D1|1471|ROYCE STREET|2E
201500000000393150.00|L|3|8374|1465|N|E|N|N|D1|1471|ROYCE STREET|2E
201400000000000000.00|L|3|8522|43|N|E|N|N|D2|3616|AVENUE S|
201500000000003845.58|L|3|8522|43|N|E|N|N|D2|3616|AVENUE S|
201500000000322900.00|L|3|8522|43|N|E|N|N|D2|3616|AVENUE S|
201500000000000000.00|L|3|8522|43|N|E|N|N|D2|3616|AVENUE S|
201500000000000000.00|L|3|5912|16|N|E|N|N|D2|826|72nd STREET|
201500000000500000.00|L|3|5912|16|N|E|N|N|D2|826|72nd STREET|
201400000000000000.00|L|3|6761|1106|N|E|N|N|PS|1576|EAST 15TH STREET|
201400000000000000.00|L|3|6761|1109|N|E|N|N|SC|1576|EAST 15TH STREET|
201400000000000000.00|L|3|6761|1106|N|E|N|N|PS|1576|EAST 15TH STREET|
201400000000000000.00|L|3|6761|1109|N|E|N|N|SC|1576|EAST 15TH STREET|
201400000000368000.00|L|3|6761|1106|N|E|N|N|PS|1576|EAST 15TH STREET|
201400000000368000.00|L|3|6761|1109|N|E|N|N|SC|1576|EAST 15TH STREET|
201500000000000000.00|L|3|6630|52|N|E|N|N|D2|1673|WEST 2ND STREET|
201500000000450000.00|L|3|6630|52|N|E|N|N|D2|1673|WEST 2ND STREET|
201500000000000000.00|L|3|7153|76|N|E|N|N|RP|2227|EAST 1st STREET|
201400000000000000.00|L|3|4912|123|N|E|N|N|D3|524|EAST 45th STREET|
201500000000000000.00|L|3|745|45|N|E|N|N|F1|4510|3 AVENUE|
201500000000000000.00|L|3|3912|49|N|E|N|N|D1|48|HIGHLAND PLACE|
201500000000000000.00|L|3|5070|15|N|E|N|N|D1|30|EAST 10th STREET|
201500000000000000.00|L|3|6651|65|N|E|N|N|D1|1759|WEST 6th STREET|
201500000000000000.00|L|3|2693|16|N|E|N|N|D2|25A|VAN DAM STREET|
201500000000000000.00|L|3|2324|1106|N|E|N|N|SC|34|NORTH 7TH STREET|
201500000002495000.00|L|3|2324|1106|N|E|N|N|SC|34|NORTH 7TH STREET|TH3
201500000001996000.00|L|3|2324|1106|N|E|N|N|SC|34|NORTH 7TH STREET|TH3
201500000000000000.00|L|3|2324|1106|N|E|N|N|SC|34|NORTH 7TH STREET|TH3
201500000000000000.00|L|3|5320|86|N|E|N|N|D2|23|KERMIT PLACE|
201500000000000000.00|L|3|5430|17|N|E|N|N|D1|1528|43rd STREET|
201500000000000000.00|L|3|4182|10|N|E|N|N|D4|137|SHERIDAN AVENUE|
201500000000840000.00|L|3|1174|4|N|E|N|N|F1|767|WASHINGTON AVENUE|
201500000000000000.00|L|3|4773|13|N|E|N|N|D2|628|EAST 53rd STREET|
201300000000000001.00|L|3|7197|33|N|E|N|N|D2|2464|EAST 2ND STREET|
201400000000451029.76|L|3|3400|73|N|E|N|N|D2|381|WEIRFIELD STREET|
201500000000000000.00|L|3|277|1|N|E|N|N|CR|66|BOERUM PLACE|
201500000000000000.00|L|3|4897|45|N|E|N|N|RP|235|EAST 43rd STREET|
201500000000000000.00|L|3|1515|1005|N|E|N|N|SC|436|CHAUNCEY STREET|436-1
201500000000000000.00|L|3|7845|12|N|E|N|N|RP|2065|SCHENECTADY AVENUE|
201500000000000000.00|L|3|403|48|N|E|N|N|D3|123|BUTLER STREET|
201500000000184456.21|L|3|403|48|N|E|N|N|D3|123|BUTLER STREET|
201500000000910000.00|L|3|403|48|N|E|N|N|D3|123|BUTLER STREET|
201500000000460000.00|L|3|6578|31|N|E|N|N|D2|1354|WEST 6TH STREET|
201500000000295000.00|L|3|4592|37|N|E|N|N|D3|35|EAST 51ST STREET|
201500000003500000.00|L|3|325|54|N|E|N|N|D4|26|TOMPKINS PLACE|
201500000002450000.00|L|3|325|54|N|E|N|N|D4|26|TOMPKINS PLACE|
201500000000280000.00|L|3|4978|51|N|E|N|N|D1|4405|FOSTER AVENUE|
201500000000140000.00|L|3|6745|65|N|E|N|N|D1|1371|EAST 16TH STREET|
201400000000000000.00|L|3|354|37|N|E|N|N|D3|145|SUMMIT STREET|
201500000000000000.00|L|3|7896|53|N|E|N|N|D2|1674|EAST 52nd STREET|
201500000000000000.00|L|3|7896|53|N|E|N|N|D2|1674|EAST 52nd STREET|
201500000000000000.00|L|3|7896|53|N|E|N|N|D2|1674|EAST 52nd STREET|
201500000000000000.00|L|3|1841|74|N|E|N|N|D3|311|HALSEY STREET|
201500000000000000.00|L|3|8676|6|N|E|N|N|CR|621|BRIGHTON BEACH AVE|
201500000000000000.00|L|3|1068|6|N|E|N|N|OT|105|8 AVENUE|
201500000000819691.25|L|3|8720|3039|N|E|N|N|SC|50|OCEANA DRIVE WEST|7D
201500000000200000.00|L|3|8720|3039|N|E|N|N|SC|50|OCEANA DRIVE WEST|7D
201500000000000000.00|L|3|8720|3039|N|E|N|N|SC|50|OCEANA DRIVE WEST|7D
201500000000000000.00|L|3|8720|3039|N|E|N|N|SC|50|OCEANA DRIVE WEST|7D
201500000000000000.00|L|3|8720|3039|N|E|N|N|SC|50|OCEANA DRIVE WEST|7D
201500000000000000.00|L|3|8720|3039|N|E|N|N|SC|50|OCEANA DRIVE WEST|7D
201500000000000000.00|L|3|8720|3039|N|E|N|N|SC|50|OCEANA DRIVE WEST|7D
201500000001050000.00|L|3|5321|48|N|E|N|N|D2|52|KERMIT PLACE|
201500000000749250.00|L|3|5321|48|N|E|N|N|D2|52|KERMIT PLACE|
201500000000050000.00|L|3|5321|48|N|E|N|N|D2|52|KERMIT PLACE|
199900000000000000.00|L|3|484|1|N|E|N|N|OT|571|COURT STREET|
199900000000000000.00|L|3|484|6|N|E|N|N|OT|563|COURT STREET|
199900000000000000.00|L|3|484|10|N|E|N|N|OT|222|BUSH STREET|
199900000000000000.00|L|3|484|12|N|E|N|N|OT|378|HAMILTON AVENUE|
199900000000000000.00|L|3|484|13|N|E|N|N|OT|380|HAMILTON AVENUE|
199900000000000000.00|L|3|484|26|N|E|N|N|OT|243|LORRAINE STREET|
199900000000000000.00|L|3|484|27|N|E|N|N|OT|241|LORRAINE STREET|
201500000000254000.00|L|3|5320|86|N|E|N|N|D2|23|KERMIT PLACE|
201500000000000000.00|L|3|7399|53|N|E|N|N|F1|2361|EAST 14TH STREET|
