Unique_Key|Record_Type|Date_File|CRFN|Recorded_Borough|Doc_type|Document_date|Document_amount|Recorded_date|Modified_date
200900000006300000.00|A|03/04/2015|2015000071367|1|RPTT&RET|06/04/2009|6300000.00|03/03/2015|03/03/2015
200900000001500000.00|A|03/04/2015|2015000071363|1|RPTT&RET|07/21/2009|1500000.00|03/03/2015|03/03/2015
201000000001800000.00|A|03/04/2015|2015000071446|1|RPTT&RET|10/14/2010|1800000.00|03/03/2015|03/03/2015
201100000002346666.74|A|03/04/2015|2015000071447|1|RPTT&RET|12/22/2011|2346666.74|03/03/2015|03/03/2015
201200000001895000.00|A|03/04/2015|2015000071368|1|RPTT&RET|08/08/2012|1895000.00|03/03/2015|03/03/2015
201200000005500000.00|A|03/04/2015|2015000071369|1|RPTT&RET|09/07/2012|5500000.00|03/03/2015|03/03/2015
201200000001798800.00|A|03/04/2015|2015000071448|1|RPTT&RET|12/21/2012|1798800.00|03/03/2015|03/03/2015
201300000002800000.00|A|03/04/2015|2015000071364|1|RPTT&RET|06/19/2013|2800000.00|03/03/2015|03/03/2015
201300000002900000.00|A|03/04/2015|2015000071365|1|RPTT&RET|07/17/2013|2900000.00|03/03/2015|03/03/2015
201300000001450000.00|A|03/04/2015|2015000071362|1|RPTT&RET|10/17/2013|1450000.00|03/03/2015|03/03/2015
201300000001750000.00|A|03/04/2015|2015000071449|1|RPTT&RET|12/20/2013|1750000.00|03/03/2015|03/03/2015
201400000003055000.00|A|03/04/2015|2015000071366|1|RPTT&RET|01/27/2014|3055000.00|03/03/2015|03/03/2015
201400000000000000.00|A|03/04/2015|2015000071739|1|ASST    |08/04/2014|$-|03/03/2015|03/03/2015
201400000000003388.89|A|03/04/2015|2015000071740|1|MTGE    |09/17/2014|3388.89|03/03/2015|03/03/2015
201400000000387875.00|A|03/04/2015|2015000071741|1|AGMT    |09/17/2014|387875.00|03/03/2015|03/03/2015
201400000000010578.76|A|03/04/2015|2015000072324|1|MTGE    |12/04/2014|10578.76|03/03/2015|03/03/2015
201400000000364608.00|A|03/04/2015|2015000072325|1|AGMT    |12/04/2014|364608.00|03/03/2015|03/03/2015
201400000000000000.00|A|03/04/2015|2015000072326|1|SUBM    |12/01/2014|$-|03/03/2015|03/03/2015
201000000000000000.00|A|03/04/2015|2015000072373|1|PAT     |09/24/2010|$-|03/03/2015|03/03/2015
201500000001410000.00|A|03/04/2015|2015000071541|1|DEED    |01/13/2015|1410000.00|03/03/2015|03/03/2015
201500000001128000.00|A|03/04/2015|2015000071542|1|MTGE    |01/13/2015|1128000.00|03/03/2015|03/03/2015
201400000000000000.00|A|03/04/2015|2015000071543|1|PAT     |01/13/2014|$-|03/03/2015|03/03/2015
201500000001319662.50|A|03/04/2015|2015000071617|1|DEED    |01/05/2015|1319662.50|03/03/2015|03/03/2015
201400000000000000.00|A|03/04/2015|2015000071618|1|SAT     |12/30/2014|$-|03/03/2015|03/03/2015
201500000042845831.74|A|03/04/2015|2015000035992|1|AGMT    |01/08/2015|42845831.74|02/02/2015|03/03/2015
201400000003000000.00|A|03/04/2015|2015000072356|1|AGMT    |11/24/2014|3000000.00|03/03/2015|03/03/2015
201400000006618941.45|A|03/04/2015|2015000072357|1|AGMT    |11/24/2014|6618941.45|03/03/2015|03/03/2015
201400000001466311.00|A|03/04/2015|2015000072358|1|AGMT    |11/24/2014|1466311.00|03/03/2015|03/03/2015
201500000001600000.00|A|03/04/2015|2015000072027|1|RPTT&RET|01/30/2015|1600000.00|03/03/2015|03/03/2015
201500000001380000.00|A|03/04/2015|2015000072064|1|RPTT&RET|02/03/2015|1380000.00|03/03/2015|03/03/2015
201500000002360000.00|A|03/04/2015|2015000072218|1|RPTT&RET|01/29/2015|2360000.00|03/03/2015|03/03/2015
201500000000600000.00|A|03/04/2015|2015000072066|1|RPTT&RET|02/06/2015|600000.00|03/03/2015|03/03/2015
201500000000000000.00|A|03/04/2015|2015000071479|1|DEED    |01/15/2015|$-|03/03/2015|03/03/2015
201500000000000000.00|A|03/04/2015|2015000070883|1|SAGE    |01/28/2015|$-|03/03/2015|03/03/2015
201500000000000000.00|A|03/04/2015|2015000070884|1|SAGE    |01/28/2015|$-|03/03/2015|03/03/2015
201500000000520000.00|A|03/04/2015|2015000072220|1|RPTT&RET|02/04/2015|520000.00|03/03/2015|03/03/2015
201500000000000000.00|A|03/04/2015|2015000072172|1|PREL    |01/26/2015|$-|03/03/2015|03/03/2015
201500000000000000.00|A|03/04/2015|2015000072173|1|PREL    |01/26/2015|$-|03/03/2015|03/03/2015
201500000000000000.00|A|03/04/2015|2015000072174|1|DEED    |01/26/2015|$-|03/03/2015|03/03/2015
201500000102000000.00|A|03/04/2015|2015000072175|1|DEED    |01/26/2015|102000000.00|03/03/2015|03/03/2015
201500000000000000.00|A|03/04/2015|2015000072176|1|DEED    |01/26/2015|$-|03/03/2015|03/03/2015
201500000005000000.00|A|03/04/2015|2015000072177|1|DEED    |01/26/2015|5000000.00|03/03/2015|03/03/2015
201500000000000000.00|A|03/04/2015|2015000072178|1|ASST    |01/26/2015|$-|03/03/2015|03/03/2015
201500000000000000.00|A|03/04/2015|2015000072179|1|TL&R    |01/26/2015|$-|03/03/2015|03/03/2015
201500000000000000.00|A|03/04/2015|2015000072180|1|DEED    |01/26/2015|$-|03/03/2015|03/03/2015
201500000005000000.00|A|03/04/2015|2015000072181|1|DEED    |01/26/2015|5000000.00|03/03/2015|03/03/2015
201500000003000000.00|A|03/04/2015|2015000072182|1|DEED    |01/26/2015|3000000.00|03/03/2015|03/03/2015
201500000007000000.00|A|03/04/2015|2015000072183|1|DEED    |01/26/2015|7000000.00|03/03/2015|03/03/2015
201500000100000000.00|A|03/04/2015|2015000072184|1|M&CON   |01/26/2015|100000000.00|03/03/2015|03/03/2015
201500000100000000.00|A|03/04/2015|2015000072185|1|AL&R    |01/26/2015|100000000.00|03/03/2015|03/03/2015
201500000000000000.00|A|03/04/2015|2015000072187|1|PAT     |01/26/2015|$-|03/03/2015|03/03/2015
201500000000000000.00|A|03/04/2015|2015000072336|1|PAT     |01/22/2015|$-|03/03/2015|03/03/2015
201500000000000000.00|A|03/04/2015|2015000072337|1|PAT     |01/22/2015|$-|03/03/2015|03/03/2015
201500000001075000.00|A|03/04/2015|2015000072338|1|DEED    |02/03/2015|1075000.00|03/03/2015|03/03/2015
201500000000000000.00|A|03/04/2015|2015000072339|1|PAT     |02/03/2015|$-|03/03/2015|03/03/2015
201500000000999000.00|A|03/04/2015|2015000072193|1|RPTT&RET|02/12/2015|999000.00|03/03/2015|03/03/2015
201500000000000000.00|A|03/04/2015|2015000072065|1|SAT     |02/06/2015|$-|03/03/2015|03/03/2015
201500000000000000.00|A|03/04/2015|2015000071834|1|PAT     |02/02/2015|$-|03/03/2015|03/03/2015
201500000000160374.38|A|03/04/2015|2015000071835|1|DEED    |02/05/2015|160374.38|03/03/2015|03/03/2015
201500000000000000.00|A|03/04/2015|2015000071836|1|PAT     |02/05/2015|$-|03/03/2015|03/03/2015
201500000000000000.00|A|03/04/2015|2015000071837|1|PREL    |02/05/2015|$-|03/03/2015|03/03/2015
201500000000000000.00|A|03/04/2015|2015000071480|1|SMIS    |01/30/2015|$-|03/03/2015|03/03/2015
201400000000000000.00|A|03/04/2015|2015000070967|1|SAT     |12/10/2014|$-|03/03/2015|03/03/2015
201200000000000000.00|A|03/04/2015|2015000072362|1|PAT     |10/02/2012|$-|03/03/2015|03/03/2015
201400000000000000.00|A|03/04/2015|2015000072363|1|SAT     |11/21/2014|$-|03/03/2015|03/03/2015
201400000000000000.00|A|03/04/2015|2015000072364|1|SAT     |11/21/2014|$-|03/03/2015|03/03/2015
201500000000680000.00|A|03/04/2015|2015000072190|1|RPTT&RET|02/13/2015|680000.00|03/03/2015|03/03/2015
201500000005345812.50|A|03/04/2015|2015000072359|4|DEED    |02/05/2015|5345812.50|03/03/2015|03/03/2015
201500000000000000.00|A|03/04/2015|2015000072360|4|PAT     |02/05/2015|$-|03/03/2015|03/03/2015
201500000003750000.00|A|03/04/2015|2015000072361|4|MTGE    |02/05/2015|3750000.00|03/03/2015|03/03/2015
201500000000000000.00|A|03/04/2015|2015000072028|1|ASST    |01/30/2015|$-|03/03/2015|03/03/2015
020100000001131830.19|A|03/04/2015|2015000071705|2|MTGE    |02/05/0201|1131830.19|03/03/2015|03/03/2015
201500000004850000.00|A|03/04/2015|2015000071118|1|MTGE    |02/03/2015|4850000.00|03/03/2015|03/03/2015
201500000000000000.00|A|03/04/2015|2015000072031|1|SAT     |02/06/2015|$-|03/03/2015|03/03/2015
201500000000481000.00|A|03/04/2015|2015000072219|1|RPTT&RET|02/13/2015|481000.00|03/03/2015|03/03/2015
201500000000000000.00|A|03/04/2015|2015000071117|1|SAT     |02/11/2015|$-|03/03/2015|03/03/2015
201500000001250000.00|A|03/04/2015|2015000070984|4|RPTT&RET|02/10/2015|1250000.00|03/03/2015|03/03/2015
201500000000000000.00|A|03/04/2015|2015000071892|1|DEED    |02/13/2015|$-|03/03/2015|03/03/2015
201500000000000000.00|A|03/04/2015|2015000071893|1|DEED    |02/13/2015|$-|03/03/2015|03/03/2015
201500000014000000.00|A|03/04/2015|2015000071894|1|MTGE    |02/13/2015|14000000.00|03/03/2015|03/03/2015
201500000014000000.00|A|03/04/2015|2015000071895|1|AL&R    |02/13/2015|14000000.00|03/03/2015|03/03/2015
201500000000000000.00|A|03/04/2015|2015000071977|1|ASST    |02/06/2015|$-|03/03/2015|03/03/2015
201500000000765757.44|A|03/04/2015|2015000071978|1|MTGE    |02/06/2015|765757.44|03/03/2015|03/03/2015
201500000003800000.00|A|03/04/2015|2015000071979|1|AGMT    |02/06/2015|3800000.00|03/03/2015|03/03/2015
201500000003800000.00|A|03/04/2015|2015000071980|1|AL&R    |02/06/2015|3800000.00|03/03/2015|03/03/2015
201500000000421631.24|A|03/04/2015|2015000072435|1|MTGE    |02/13/2015|421631.24|03/03/2015|03/03/2015
201500000005600000.00|A|03/04/2015|2015000072436|1|AGMT    |02/13/2015|5600000.00|03/03/2015|03/03/2015
201500000005600000.00|A|03/04/2015|2015000072437|1|AL&R    |02/13/2015|5600000.00|03/03/2015|03/03/2015
201500000000000000.00|A|03/04/2015|2015000072440|1|TL&R    |02/13/2015|$-|03/03/2015|03/03/2015
201400000000000000.00|A|03/04/2015|2015000071160|1|ASST    |12/04/2014|$-|03/03/2015|03/03/2015
201400000000000000.00|A|03/04/2015|2015000071161|1|ASST    |12/04/2014|$-|03/03/2015|03/03/2015
201400000000000000.00|A|03/04/2015|2015000071162|1|ASST    |12/04/2014|$-|03/03/2015|03/03/2015
201400000000000000.00|A|03/04/2015|2015000071163|1|CERR    |12/04/2014|$-|03/03/2015|03/03/2015
201400000000000000.00|A|03/04/2015|2015000071164|1|CERR    |12/04/2014|$-|03/03/2015|03/03/2015
201400000000000000.00|A|03/04/2015|2015000071165|1|CERR    |12/04/2014|$-|03/03/2015|03/03/2015
201400000000000000.00|A|03/04/2015|2015000071166|1|CERR    |12/04/2014|$-|03/03/2015|03/03/2015
201400000000000000.00|A|03/04/2015|2015000071167|1|AGMT    |12/04/2014|$-|03/03/2015|03/03/2015
201400000000000000.00|A|03/04/2015|2015000071168|1|AGMT    |12/04/2014|$-|03/03/2015|03/03/2015
201400000000000000.00|A|03/04/2015|2015000071169|1|SUBM    |12/04/2014|$-|03/03/2015|03/03/2015
201400000001613937.00|A|03/04/2015|2015000071170|1|MTGE    |12/04/2014|1613937.00|03/03/2015|03/03/2015
201400000001613937.00|A|03/04/2015|2015000071171|1|AL&R    |12/04/2014|1613937.00|03/03/2015|03/03/2015
201400000018027204.00|A|03/04/2015|2015000071172|1|MTGE    |12/04/2014|18027204.00|03/03/2015|03/03/2015
201400000018027204.00|A|03/04/2015|2015000071173|1|AL&R    |12/04/2014|18027204.00|03/03/2015|03/03/2015
201400000003438859.00|A|03/04/2015|2015000071174|1|MTGE    |12/04/2014|3438859.00|03/03/2015|03/03/2015
201400000003438859.00|A|03/04/2015|2015000071175|1|AL&R    |12/04/2014|3438859.00|03/03/2015|03/03/2015
201400000000000000.00|A|03/04/2015|2015000071176|1|ASST    |12/04/2014|$-|03/03/2015|03/03/2015
201400000000000000.00|A|03/04/2015|2015000071177|1|ASST    |12/04/2014|$-|03/03/2015|03/03/2015
201400000000000000.00|A|03/04/2015|2015000071178|1|ASST    |12/04/2014|$-|03/03/2015|03/03/2015
201400000000000000.00|A|03/04/2015|2015000071179|1|ASST    |12/04/2014|$-|03/03/2015|03/03/2015
201400000000000000.00|A|03/04/2015|2015000071180|1|ASST    |12/04/2014|$-|03/03/2015|03/03/2015
201400000000000000.00|A|03/04/2015|2015000071181|1|ASST    |12/04/2014|$-|03/03/2015|03/03/2015
201400000000000000.00|A|03/04/2015|2015000071182|1|ASST    |12/04/2014|$-|03/03/2015|03/03/2015
201400000000000000.00|A|03/04/2015|2015000071183|1|ASST    |12/04/2014|$-|03/03/2015|03/03/2015
201400000005904317.00|A|03/04/2015|2015000071184|1|AGMT    |12/04/2014|5904317.00|03/03/2015|03/03/2015
201400000004057425.00|A|03/04/2015|2015000071185|1|MTGE    |12/04/2014|4057425.00|03/03/2015|03/03/2015
201400000000000000.00|A|03/04/2015|2015000071186|1|ASST    |12/04/2014|$-|03/03/2015|03/03/2015
201400000001846892.00|A|03/04/2015|2015000071187|1|MTGE    |12/04/2014|1846892.00|03/03/2015|03/03/2015
201400000001846892.00|A|03/04/2015|2015000071188|1|ASPM    |12/04/2014|1846892.00|03/03/2015|03/03/2015
201400000000000000.00|A|03/04/2015|2015000071189|1|AGMT    |12/04/2014|$-|03/03/2015|03/03/2015
201400000000000000.00|A|03/04/2015|2015000071190|1|AGMT    |12/04/2014|$-|03/03/2015|03/03/2015
201400000000000000.00|A|03/04/2015|2015000071191|1|AGMT    |12/04/2014|$-|03/03/2015|03/03/2015
201400000000000000.00|A|03/04/2015|2015000071192|1|AGMT    |12/04/2014|$-|03/03/2015|03/03/2015
201400000000000000.00|A|03/04/2015|2015000071193|1|AGMT    |12/04/2014|$-|03/03/2015|03/03/2015
201400000000000000.00|A|03/04/2015|2015000071194|1|AGMT    |12/04/2014|$-|03/03/2015|03/03/2015
201400000000000000.00|A|03/04/2015|2015000071195|1|AGMT    |12/04/2014|$-|03/03/2015|03/03/2015
201400000000000000.00|A|03/04/2015|2015000071196|1|AGMT    |12/04/2014|$-|03/03/2015|03/03/2015
201400000000000000.00|A|03/04/2015|2015000071197|1|AGMT    |12/04/2014|$-|03/03/2015|03/03/2015
201400000000000000.00|A|03/04/2015|2015000071198|1|AGMT    |12/04/2014|$-|03/03/2015|03/03/2015
201400000000000000.00|A|03/04/2015|2015000071199|1|AGMT    |12/04/2014|$-|03/03/2015|03/03/2015
201400000000000000.00|A|03/04/2015|2015000071200|1|AGMT    |12/04/2014|$-|03/03/2015|03/03/2015
201400000000000000.00|A|03/04/2015|2015000071201|1|AGMT    |12/04/2014|$-|03/03/2015|03/03/2015
201400000000000000.00|A|03/04/2015|2015000071202|1|AGMT    |12/04/2014|$-|03/03/2015|03/03/2015
201400000000000000.00|A|03/04/2015|2015000071203|1|AGMT    |12/04/2014|$-|03/03/2015|03/03/2015
201400000000000000.00|A|03/04/2015|2015000071204|1|AGMT    |12/04/2014|$-|03/03/2015|03/03/2015
201400000000000000.00|A|03/04/2015|2015000071205|1|AGMT    |12/04/2014|$-|03/03/2015|03/03/2015
201400000000000000.00|A|03/04/2015|2015000071206|1|AGMT    |12/04/2014|$-|03/03/2015|03/03/2015
201400000000000000.00|A|03/04/2015|2015000071207|1|AGMT    |12/04/2014|$-|03/03/2015|03/03/2015
201400000000086076.28|A|03/04/2015|2015000071119|1|RPTT&RET|07/01/2014|86076.28|03/03/2015|03/03/2015
201500000040000000.00|A|03/04/2015|2015000064352|1|MTGE    |02/09/2015|40000000.00|02/25/2015|03/03/2015
201500000040000000.00|A|03/04/2015|2015000064353|1|AL&R    |02/09/2015|40000000.00|02/25/2015|03/03/2015
201400000000088254.40|A|03/04/2015|2015000071211|1|RPTT&RET|11/01/2014|88254.40|03/03/2015|03/03/2015
201500000000000000.00|A|03/04/2015|2015000072026|1|RPTT    |01/01/2015|$-|03/03/2015|03/03/2015
201400000000000000.00|A|03/04/2015|2015000071019|1|PAT     |12/16/2014|$-|03/03/2015|03/03/2015
201500000000000000.00|A|03/04/2015|2015000071017|1|SAT     |02/12/2015|$-|03/03/2015|03/03/2015
201500000000550000.00|A|03/04/2015|2015000072270|1|RPTT&RET|02/20/2015|550000.00|03/03/2015|03/03/2015
201500000000000000.00|A|03/04/2015|2015000071267|4|SAGE    |02/20/2015|$-|03/03/2015|03/03/2015
201500000000000000.00|A|03/04/2015|2015000071268|4|SMIS    |02/20/2015|$-|03/03/2015|03/03/2015
201500000000000000.00|A|03/04/2015|2015000071269|4|SMIS    |02/20/2015|$-|03/03/2015|03/03/2015
201500000000000000.00|A|03/04/2015|2015000071270|4|SMIS    |02/20/2015|$-|03/03/2015|03/03/2015
201500000000000000.00|A|03/04/2015|2015000071271|4|SMIS    |02/20/2015|$-|03/03/2015|03/03/2015
201400000000113469.94|A|03/04/2015|2015000071018|1|RPTT&RET|11/07/2014|113469.94|03/03/2015|03/03/2015
201400000000100862.17|A|03/04/2015|2015000071020|1|RPTT&RET|11/01/2014|100862.17|03/03/2015|03/03/2015
201500000000000000.00|A|03/04/2015|2015000072108|1|DEED    |02/02/2015|$-|03/03/2015|03/03/2015
201400000000099617.53|A|03/04/2015|2015000071021|1|RPTT&RET|09/01/2014|99617.53|03/03/2015|03/03/2015
201300000000000000.00|A|03/04/2015|2015000072152|1|TL&R    |06/11/2013|$-|03/03/2015|03/03/2015
201400000000087709.87|A|03/04/2015|2015000071063|1|RPTT&RET|10/15/2014|87709.87|03/03/2015|03/03/2015
201500000000000000.00|A|03/04/2015|2015000072025|4|PREL    |02/03/2015|$-|03/03/2015|03/03/2015
201500000000000000.00|A|03/04/2015|2015000072024|4|PREL    |02/09/2015|$-|03/03/2015|03/03/2015
201400000000000000.00|A|03/04/2015|2015000071112|1|PAT     |12/01/2014|$-|03/03/2015|03/03/2015
201400000000000000.00|A|03/04/2015|2015000071113|1|PAT     |12/01/2014|$-|03/03/2015|03/03/2015
201500000002300000.00|A|03/04/2015|2015000071114|1|DEED    |02/12/2015|2300000.00|03/03/2015|03/03/2015
201500000000000000.00|A|03/04/2015|2015000071115|1|PAT     |02/12/2015|$-|03/03/2015|03/03/2015
201500000001400000.00|A|03/04/2015|2015000071116|1|MTGE    |02/12/2015|1400000.00|03/03/2015|03/03/2015
201500000000381000.00|A|03/04/2015|2015000070974|1|RPTT&RET|02/17/2015|381000.00|03/03/2015|03/03/2015
201500000000000000.00|A|03/04/2015|2015000071234|1|TL&R    |02/19/2015|$-|03/03/2015|03/03/2015
201500000000000000.00|A|03/04/2015|2015000071235|1|ASST    |02/19/2015|$-|03/03/2015|03/03/2015
201500000011000000.00|A|03/04/2015|2015000071236|1|M&CON   |02/19/2015|11000000.00|03/03/2015|03/03/2015
201500000011000000.00|A|03/04/2015|2015000071237|1|AL&R    |02/19/2015|11000000.00|03/03/2015|03/03/2015
201500000000650100.00|A|03/04/2015|2015000071064|1|RPTT&RET|02/13/2015|650100.00|03/03/2015|03/03/2015
201300000000000000.00|A|03/04/2015|2015000070849|1|SAT     |11/20/2013|$-|03/03/2015|03/03/2015
201300000000000000.00|A|03/04/2015|2015000070850|1|SAT     |11/20/2013|$-|03/03/2015|03/03/2015
201300000000000000.00|A|03/04/2015|2015000070851|1|TL&R    |11/20/2013|$-|03/03/2015|03/03/2015
201500000000963500.00|A|03/04/2015|2015000070983|1|RPTT&RET|02/19/2015|963500.00|03/03/2015|03/03/2015
201500000001576000.00|A|03/04/2015|2015000071213|1|RPTT&RET|02/19/2015|1576000.00|03/03/2015|03/03/2015
201500000000490000.00|A|03/04/2015|2015000072271|4|DEED    |02/17/2015|490000.00|03/03/2015|03/03/2015
200800000000000000.00|A|03/04/2015|2015000071619|1|AGMT    |02/28/2008|$-|03/03/2015|03/03/2015
201500000000000000.00|A|03/04/2015|2015000071620|1|SAGE    |01/29/2015|$-|03/03/2015|03/03/2015
201500000011400000.00|A|03/04/2015|2015000072153|1|DEED    |02/17/2015|11400000.00|03/03/2015|03/03/2015
201500000000000000.00|A|03/04/2015|2015000072154|1|PAT     |02/17/2015|$-|03/03/2015|03/03/2015
201500000001015000.00|A|03/04/2015|2015000072030|3|RPTT&RET|02/18/2015|1015000.00|03/03/2015|03/03/2015
201500000000975000.00|A|03/04/2015|2015000072384|3|DEED    |02/12/2015|975000.00|03/03/2015|03/03/2015
201500000000000000.00|A|03/04/2015|2015000072385|3|PAT     |02/12/2015|$-|03/03/2015|03/03/2015
201500000002000000.00|A|03/04/2015|2015000070887|1|MTGE    |02/24/2015|2000000.00|03/03/2015|03/03/2015
201500000000000000.00|A|03/04/2015|2015000070888|1|SAGE    |02/24/2015|$-|03/03/2015|03/03/2015
201500000000000000.00|A|03/04/2015|2015000070985|1|ACON    |02/10/2015|$-|03/03/2015|03/03/2015
201500000001356000.00|A|03/04/2015|2015000072425|1|DEED    |02/23/2015|1356000.00|03/03/2015|03/03/2015
201500000001000000.00|A|03/04/2015|2015000072426|1|MTGE    |02/23/2015|1000000.00|03/03/2015|03/03/2015
201500000000000000.00|A|03/04/2015|2015000072427|1|PAT     |02/23/2015|$-|03/03/2015|03/03/2015
201500000000000000.00|A|03/04/2015|2015000070870|1|PAT     |01/20/2015|$-|03/03/2015|03/03/2015
201500000000695000.00|A|03/04/2015|2015000070871|1|DEED    |02/18/2015|695000.00|03/03/2015|03/03/2015
201500000000000000.00|A|03/04/2015|2015000070872|1|PAT     |02/18/2015|$-|03/03/2015|03/03/2015
201400000000000000.00|A|03/04/2015|2015000072104|1|ASST    |11/25/2014|$-|03/03/2015|03/03/2015
201400000000000000.00|A|03/04/2015|2015000072105|1|ASST    |12/02/2014|$-|03/03/2015|03/03/2015
201500000000012509.93|A|03/04/2015|2015000072106|1|MTGE    |02/13/2015|12509.93|03/03/2015|03/03/2015
201500000000582000.00|A|03/04/2015|2015000072107|1|AGMT    |02/13/2015|582000.00|03/03/2015|03/03/2015
201500000000763687.50|A|03/04/2015|2015000072469|1|DEED    |02/13/2015|763687.50|03/03/2015|03/03/2015
201500000000000000.00|A|03/04/2015|2015000072470|1|PAT     |02/13/2015|$-|03/03/2015|03/03/2015
201500000000000000.00|A|03/04/2015|2015000072471|1|PREL    |02/13/2015|$-|03/03/2015|03/03/2015
201400000000000000.00|A|03/04/2015|2015000071058|4|PAT     |11/19/2014|$-|03/03/2015|03/03/2015
201500000000930000.00|A|03/04/2015|2015000071059|4|DEED    |02/18/2015|930000.00|03/03/2015|03/03/2015
201500000000000000.00|A|03/04/2015|2015000071060|4|PAT     |02/19/2015|$-|03/03/2015|03/03/2015
201500000000500000.00|A|03/04/2015|2015000071061|4|MTGE    |02/18/2015|500000.00|03/03/2015|03/03/2015
201500000000040000.00|A|03/04/2015|2015000071062|4|MTGE    |02/15/2015|40000.00|03/03/2015|03/03/2015
201500000000000000.00|A|03/04/2015|2015000072197|4|PREL    |02/04/2015|$-|03/03/2015|03/03/2015
201500000000000000.00|A|03/04/2015|2015000072456|1|PAT     |02/12/2015|$-|03/03/2015|03/03/2015
201500000000000000.00|A|03/04/2015|2015000072457|1|PAT     |02/12/2015|$-|03/03/2015|03/03/2015
201500000000000000.00|A|03/04/2015|2015000072458|1|ASST    |02/05/2015|$-|03/03/2015|03/03/2015
201500000000004883.54|A|03/04/2015|2015000072459|1|MTGE    |02/12/2015|4883.54|03/03/2015|03/03/2015
201500000000663000.00|A|03/04/2015|2015000072460|1|AGMT    |02/12/2015|663000.00|03/03/2015|03/03/2015
201500000000000000.00|A|03/04/2015|2015000072461|1|PAT     |02/17/2015|$-|03/03/2015|03/03/2015
201500000000600000.00|A|03/04/2015|2015000072462|1|DEED    |02/19/2015|600000.00|03/03/2015|03/03/2015
201500000000000000.00|A|03/04/2015|2015000072463|1|PAT     |02/19/2015|$-|03/03/2015|03/03/2015
201500000000550000.00|A|03/04/2015|2015000070973|1|RPTT&RET|02/11/2015|550000.00|03/03/2015|03/03/2015
201500000000450000.00|A|03/04/2015|2015000070972|1|RPTT&RET|02/11/2015|450000.00|03/03/2015|03/03/2015
201400000000000000.00|A|03/04/2015|2015000071009|1|ASST    |11/03/2014|$-|03/03/2015|03/03/2015
201500000002000000.00|A|03/04/2015|2015000071010|1|M&CON   |02/09/2015|2000000.00|03/03/2015|03/03/2015
201500000002000000.00|A|03/04/2015|2015000071011|1|AL&R    |02/09/2015|2000000.00|03/03/2015|03/03/2015
201400000000000000.00|A|03/04/2015|2015000071012|1|TL&R    |11/03/2014|$-|03/03/2015|03/03/2015
201500000000262000.00|A|03/04/2015|2015000070968|1|RPTT    |02/11/2015|262000.00|03/03/2015|03/03/2015
201500000000410000.00|A|03/04/2015|2015000070971|1|RPTT    |02/11/2015|410000.00|03/03/2015|03/03/2015
201500000000000000.00|A|03/04/2015|2015000071288|1|ASST    |02/17/2015|$-|03/03/2015|03/03/2015
201500000000526484.04|A|03/04/2015|2015000071289|1|MTGE    |02/17/2015|526484.04|03/03/2015|03/03/2015
201500000001150000.00|A|03/04/2015|2015000071290|1|AGMT    |02/17/2015|1150000.00|03/03/2015|03/03/2015
201500000001150000.00|A|03/04/2015|2015000071291|1|AL&R    |02/17/2015|1150000.00|03/03/2015|03/03/2015
201500000000667000.00|A|03/04/2015|2015000072191|1|RPTT&RET|02/12/2015|667000.00|03/03/2015|03/03/2015
201500000000530000.00|A|03/04/2015|2015000071428|1|DEED    |02/11/2015|530000.00|03/03/2015|03/03/2015
201500000000000000.00|A|03/04/2015|2015000071429|1|PAT     |02/11/2015|$-|03/03/2015|03/03/2015
201500000002051773.75|A|03/04/2015|2015000071272|1|DEED    |02/19/2015|2051773.75|03/03/2015|03/03/2015
201400000000000000.00|A|03/04/2015|2015000071273|1|PAT     |02/19/2014|$-|03/03/2015|03/03/2015
201400000001612000.00|A|03/04/2015|2015000071274|1|MTGE    |02/19/2014|1612000.00|03/03/2015|03/03/2015
201500000000800000.00|A|03/04/2015|2015000072146|1|DEED    |02/18/2015|800000.00|03/03/2015|03/03/2015
201500000000300000.00|A|03/04/2015|2015000072147|1|MTGE    |02/18/2015|300000.00|03/03/2015|03/03/2015
201500000000000000.00|A|03/04/2015|2015000072148|1|PAT     |02/18/2015|$-|03/03/2015|03/03/2015
201500000002365000.00|A|03/04/2015|2015000070969|1|DEED    |02/20/2015|2365000.00|03/03/2015|03/03/2015
201500000001450000.00|A|03/04/2015|2015000070970|1|MTGE    |02/20/2015|1450000.00|03/03/2015|03/03/2015
201500000000000000.00|A|03/04/2015|2015000072151|1|AGMT    |02/03/2015|$-|03/03/2015|03/03/2015
201500000000000000.00|A|03/04/2015|2015000070854|1|ASST    |02/10/2015|$-|03/03/2015|03/03/2015
201500000004434129.03|A|03/04/2015|2015000070855|1|MTGE    |02/13/2015|4434129.03|03/03/2015|03/03/2015
201500000008500000.00|A|03/04/2015|2015000070856|1|AGMT    |02/13/2015|8500000.00|03/03/2015|03/03/2015
201500000008500000.00|A|03/04/2015|2015000070857|1|AGMT    |02/13/2015|8500000.00|03/03/2015|03/03/2015
201500000000000000.00|A|03/04/2015|2015000070858|1|TL&R    |02/10/2015|$-|03/03/2015|03/03/2015
201500000000000000.00|A|03/04/2015|2015000070873|1|PAT     |02/17/2015|$-|03/03/2015|03/03/2015
201500000000000000.00|A|03/04/2015|2015000070874|1|PAT     |02/23/2015|$-|03/03/2015|03/03/2015
201500000001560000.00|A|03/04/2015|2015000070875|1|DEED    |02/23/2015|1560000.00|03/03/2015|03/03/2015
201500000001014000.00|A|03/04/2015|2015000070876|1|MTGE    |02/23/2015|1014000.00|03/03/2015|03/03/2015
201500000001710660.00|A|03/04/2015|2015000072194|1|RPTT&RET|02/12/2015|1710660.00|03/03/2015|03/03/2015
201500000000000000.00|A|03/04/2015|2015000072195|1|RPTT&RET|02/17/2015|$-|03/03/2015|03/03/2015
201500000000000000.00|A|03/04/2015|2015000071919|1|CERT    |02/23/2015|$-|03/03/2015|03/03/2015
201500000000000000.00|A|03/04/2015|2015000071920|1|ZONE    |02/24/2015|$-|03/03/2015|03/03/2015
201500000000445315.00|A|03/04/2015|2015000072196|1|RPTT&RET|02/17/2015|445315.00|03/03/2015|03/03/2015
201500000008146000.00|A|03/04/2015|2015000070877|1|DEED    |02/23/2015|8146000.00|03/03/2015|03/03/2015
201500000000000000.00|A|03/04/2015|2015000070878|1|PAT     |02/23/2015|$-|03/03/2015|03/03/2015
201500000000000000.00|A|03/04/2015|2015000070966|1|SAT     |02/09/2015|$-|03/03/2015|03/03/2015
201500000000000000.00|A|03/04/2015|2015000071574|1|TL&R    |02/12/2015|$-|03/03/2015|03/03/2015
201500000000000000.00|A|03/04/2015|2015000071575|1|ASST    |02/12/2015|$-|03/03/2015|03/03/2015
201500000003350000.00|A|03/04/2015|2015000071576|1|AGMT    |02/12/2015|3350000.00|03/03/2015|03/03/2015
201500000003350000.00|A|03/04/2015|2015000071577|1|AL&R    |02/12/2015|3350000.00|03/03/2015|03/03/2015
201500000000000000.00|A|03/04/2015|2015000071008|1|ASST    |01/26/2015|$-|03/03/2015|03/03/2015
201500000000420000.00|A|03/04/2015|2015000071016|1|RPTT&RET|02/24/2015|420000.00|03/03/2015|03/03/2015
201200000000240000.00|A|03/04/2015|2015000071014|1|MTGE    |07/03/2012|240000.00|03/03/2015|03/03/2015
201500000000000000.00|A|03/04/2015|2015000071208|1|ASST    |01/12/2015|$-|03/03/2015|03/03/2015
201500000000009139.47|A|03/04/2015|2015000071209|1|MTGE    |02/13/2015|9139.47|03/03/2015|03/03/2015
201500000000828668.00|A|03/04/2015|2015000071210|1|AGMT    |02/13/2015|828668.00|03/03/2015|03/03/2015
201500000000000000.00|A|03/04/2015|2015000071212|1|ADEC    |01/07/2015|$-|03/03/2015|03/03/2015
201500000000000000.00|A|03/04/2015|2015000071512|1|ASST    |02/09/2015|$-|03/03/2015|03/03/2015
201500000000000000.00|A|03/04/2015|2015000072099|1|ASST    |02/03/2015|$-|03/03/2015|03/03/2015
201100000000490000.00|A|03/04/2015|2015000072365|1|MTGE    |01/24/2011|490000.00|03/03/2015|03/03/2015
201100000000490000.00|A|03/04/2015|2015000072366|1|AL&R    |01/24/2011|490000.00|03/03/2015|03/03/2015
201500000000000000.00|A|03/04/2015|2015000072423|1|PAT     |02/04/2015|$-|03/03/2015|03/03/2015
201500000000000000.00|A|03/04/2015|2015000072424|1|PAT     |02/04/2015|$-|03/03/2015|03/03/2015
201500000000000000.00|A|03/04/2015|2015000072029|1|RPTT&RET|02/09/2015|$-|03/03/2015|03/03/2015
201500000000100000.00|A|03/04/2015|2015000072100|1|MTGE    |01/29/2015|100000.00|03/03/2015|03/03/2015
201500000000000000.00|A|03/04/2015|2015000072101|1|ASST    |01/26/2015|$-|03/03/2015|03/03/2015
201500000000054150.00|A|03/04/2015|2015000072188|1|MTGE    |02/06/2015|54150.00|03/03/2015|03/03/2015
201500000000050000.00|A|03/04/2015|2015000072189|1|MTGE    |02/13/2015|50000.00|03/03/2015|03/03/2015
201500000001086140.08|A|03/04/2015|2015000072102|1|RPTT&RET|02/09/2015|1086140.08|03/03/2015|03/03/2015
201300000000000000.00|A|03/04/2015|2015000071688|1|PAT     |01/31/2013|$-|03/03/2015|03/03/2015
201500000000000000.00|A|03/04/2015|2015000072330|1|SAT     |02/18/2015|$-|03/03/2015|03/03/2015
201500000000000000.00|A|03/04/2015|2015000072331|1|TL&R    |02/18/2015|$-|03/03/2015|03/03/2015
201500000000000000.00|A|03/04/2015|2015000072269|1|PAT     |01/21/2015|$-|03/03/2015|03/03/2015
201500000000006971.55|A|03/04/2015|2015000072334|1|MTGE    |02/19/2015|6971.55|03/03/2015|03/03/2015
201500000000333700.00|A|03/04/2015|2015000072335|1|AGMT    |02/19/2015|333700.00|03/03/2015|03/03/2015
201500000006750000.00|A|03/04/2015|2015000072397|1|MTGE    |02/20/2015|6750000.00|03/03/2015|03/03/2015
201400000000000000.00|A|03/04/2015|2015000071771|1|CDEC    |12/23/2014|$-|03/03/2015|03/03/2015
201500000000000000.00|A|03/04/2015|2015000071772|1|MAPS    |01/16/2015|$-|03/03/2015|03/03/2015
201300000000000000.00|A|03/04/2015|2015000072403|1|PAT     |03/17/2013|$-|03/03/2015|03/03/2015
201500000000370110.00|A|03/04/2015|2015000072475|1|DEED    |02/20/2015|370110.00|03/03/2015|03/03/2015
201400000000000000.00|A|03/04/2015|2015000072476|1|DEED    |02/20/2014|$-|03/03/2015|03/03/2015
201500000000011864.01|A|03/04/2015|2015000072477|1|MTGE    |02/20/2015|11864.01|03/03/2015|03/03/2015
201500000001550000.00|A|03/04/2015|2015000072478|1|AGMT    |02/20/2015|1550000.00|03/03/2015|03/03/2015
201400000000000000.00|A|03/04/2015|2015000071074|1|ASST    |12/29/2014|$-|03/03/2015|03/03/2015
201400000003291962.06|A|03/04/2015|2015000071075|1|MTGE    |12/30/2014|3291962.06|03/03/2015|03/03/2015
201400000008500000.00|A|03/04/2015|2015000071076|1|AGMT    |12/30/2014|8500000.00|03/03/2015|03/03/2015
201400000008500000.00|A|03/04/2015|2015000071077|1|AL&R    |12/30/2014|8500000.00|03/03/2015|03/03/2015
201400000000000000.00|A|03/04/2015|2015000071080|1|SAGE    |12/30/2014|$-|03/03/2015|03/03/2015
201400000000000000.00|A|03/04/2015|2015000071081|1|SAGE    |12/30/2014|$-|03/03/2015|03/03/2015
201400000000000000.00|A|03/04/2015|2015000071082|1|SAGE    |12/30/2014|$-|03/03/2015|03/03/2015
201400000000000000.00|A|03/04/2015|2015000071083|1|SAGE    |12/30/2014|$-|03/03/2015|03/03/2015
201400000000000000.00|A|03/04/2015|2015000071084|1|SAGE    |12/30/2014|$-|03/03/2015|03/03/2015
201500000000000000.00|A|03/04/2015|2015000072255|1|SAT     |02/25/2015|$-|03/03/2015|03/03/2015
201500000000000000.00|A|03/04/2015|2015000072256|1|TL&R    |02/25/2015|$-|03/03/2015|03/03/2015
201500000000000000.00|A|03/04/2015|2015000072257|1|SAT     |02/25/2015|$-|03/03/2015|03/03/2015
201500000000000000.00|A|03/04/2015|2015000072258|1|TL&R    |02/25/2015|$-|03/03/2015|03/03/2015
201500000002500000.00|A|03/04/2015|2015000072259|1|MTGE    |02/25/2015|2500000.00|03/03/2015|03/03/2015
201500000002500000.00|A|03/04/2015|2015000072260|1|AL&R    |02/25/2015|2500000.00|03/03/2015|03/03/2015
201500000000000000.00|A|03/04/2015|2015000072261|1|ASST    |02/25/2015|$-|03/03/2015|03/03/2015
201500000000000000.00|A|03/04/2015|2015000072262|1|AALR    |02/25/2015|$-|03/03/2015|03/03/2015
201500000000500000.00|A|03/04/2015|2015000072263|1|MTGE    |02/25/2015|500000.00|03/03/2015|03/03/2015
201500000000500000.00|A|03/04/2015|2015000072264|1|AL&R    |02/25/2015|500000.00|03/03/2015|03/03/2015
201500000000000000.00|A|03/04/2015|2015000072265|1|ASST    |02/25/2015|$-|03/03/2015|03/03/2015
201500000000000000.00|A|03/04/2015|2015000072266|1|AALR    |02/25/2015|$-|03/03/2015|03/03/2015
201400000000000000.00|A|03/04/2015|2015000071264|1|PAT     |01/06/2014|$-|03/03/2015|03/03/2015
201500000092500000.00|A|03/04/2015|2015000071640|1|DEED    |02/23/2015|92500000.00|03/03/2015|03/03/2015
201500000014001341.64|A|03/04/2015|2015000071641|1|MTGE    |02/23/2015|14001341.64|03/03/2015|03/03/2015
201500000052500000.00|A|03/04/2015|2015000071642|1|AGMT    |02/23/2015|52500000.00|03/03/2015|03/03/2015
201500000052500000.00|A|03/04/2015|2015000071643|1|AL&R    |02/23/2015|52500000.00|03/03/2015|03/03/2015
201500000000000000.00|A|03/04/2015|2015000071644|1|TL&R    |02/23/2015|$-|03/03/2015|03/03/2015
201500000000000000.00|A|03/04/2015|2015000071990|1|SAT     |02/15/2015|$-|03/03/2015|03/03/2015
201500000000000000.00|A|03/04/2015|2015000071991|1|TL&R    |02/26/2015|$-|03/03/2015|03/03/2015
201500000000000000.00|A|03/04/2015|2015000071992|1|TL&R    |02/26/2015|$-|03/03/2015|03/03/2015
201500000000000000.00|A|03/04/2015|2015000071993|1|ASST    |02/26/2015|$-|03/03/2015|03/03/2015
201500000000774642.33|A|03/04/2015|2015000071994|1|MTGE    |02/26/2015|774642.33|03/03/2015|03/03/2015
201500000002400000.00|A|03/04/2015|2015000071995|1|AGMT    |02/26/2015|2400000.00|03/03/2015|03/03/2015
201500000002400000.00|A|03/04/2015|2015000071996|1|AL&R    |02/26/2015|2400000.00|03/03/2015|03/03/2015
201500000000000000.00|A|03/04/2015|2015000072248|1|SAT     |02/18/2015|$-|03/03/2015|03/03/2015
201500000000000000.00|A|03/04/2015|2015000072251|1|TL&R    |02/18/2015|$-|03/03/2015|03/03/2015
201500000000000000.00|A|03/04/2015|2015000072252|1|ASST    |02/18/2015|$-|03/03/2015|03/03/2015
201500000002497268.36|A|03/04/2015|2015000072253|1|MTGE    |02/20/2015|2497268.36|03/03/2015|03/03/2015
201500000002900000.00|A|03/04/2015|2015000072254|1|AGMT    |02/20/2015|2900000.00|03/03/2015|03/03/2015
201500000001023341.25|A|03/04/2015|2015000072452|1|DEED    |02/19/2015|1023341.25|03/03/2015|03/03/2015
201500000000000000.00|A|03/04/2015|2015000072453|1|PAT     |02/19/2015|$-|03/03/2015|03/03/2015
201500000000353000.00|A|03/04/2015|2015000072454|1|MTGE    |02/19/2015|353000.00|03/03/2015|03/03/2015
201500000000000000.00|A|03/04/2015|2015000072455|1|PREL    |02/17/2015|$-|03/03/2015|03/03/2015
201300000000900000.00|A|03/04/2015|2014000061861|1|DEED    |12/03/2013|900000.00|02/19/2014|03/03/2015
201300000013460000.00|A|03/04/2015|2015000070911|1|CORRM   |10/11/2013|13460000.00|03/03/2015|03/03/2015
201400000000000000.00|A|03/04/2015|2015000071511|1|DEED    |06/24/2014|$-|03/03/2015|03/03/2015
201400000000000000.00|A|03/04/2015|2015000072010|1|DEED    |09/24/2014|$-|03/03/2015|03/03/2015
201400000000000000.00|A|03/04/2015|2015000071416|1|DEED    |09/30/2014|$-|03/03/2015|03/03/2015
201400000000000000.00|A|03/04/2015|2015000071417|1|SAGE    |09/30/2014|$-|03/03/2015|03/03/2015
201400000000275000.00|A|03/04/2015|2015000072309|3|DEED    |11/06/2014|275000.00|03/03/2015|03/03/2015
201400000000165000.00|A|03/04/2015|2015000072310|3|MTGE    |11/06/2014|165000.00|03/03/2015|03/03/2015
201400000000000000.00|A|03/04/2015|2015000071564|3|DEED    |11/13/2014|$-|03/03/2015|03/03/2015
201400000000000000.00|A|03/04/2015|2015000072158|1|DEED    |11/13/2014|$-|03/03/2015|03/03/2015
201400000000000000.00|A|03/04/2015|2015000071241|3|SAT     |12/01/2014|$-|03/03/2015|03/03/2015
201400000000000000.00|A|03/04/2015|2015000071131|1|CORRD   |11/21/2014|$-|03/03/2015|03/03/2015
201400000000000000.00|A|03/04/2015|2015000071132|1|CORRD   |11/21/2014|$-|03/03/2015|03/03/2015
201400000000200000.00|A|03/04/2015|2015000071133|1|DEED    |11/24/2014|200000.00|03/03/2015|03/03/2015
201400000000730000.00|A|03/04/2015|2015000071527|3|DEED    |12/08/2014|730000.00|03/03/2015|03/03/2015
201400000000584000.00|A|03/04/2015|2015000071528|3|MTGE    |12/08/2014|584000.00|03/03/2015|03/03/2015
201400000000375000.00|A|03/04/2015|2015000071130|1|MTGE    |12/15/2014|375000.00|03/03/2015|03/03/2015
201400000000000000.00|A|03/04/2015|2015000071040|1|DEED    |12/17/2014|$-|03/03/2015|03/03/2015
201400000000929000.00|A|03/04/2015|2015000071041|1|DEED    |12/22/2014|929000.00|03/03/2015|03/03/2015
201400000000000000.00|A|03/04/2015|2015000071042|1|PAT     |12/17/2014|$-|03/03/2015|03/03/2015
201400000000910000.00|A|03/04/2015|2015000072140|1|DEED    |12/17/2014|910000.00|03/03/2015|03/03/2015
201400000000000000.00|A|03/04/2015|2015000072141|1|SMIS    |12/17/2014|$-|03/03/2015|03/03/2015
201400000000650000.00|A|03/04/2015|2015000071345|1|MTGE    |12/09/2014|650000.00|03/03/2015|03/03/2015
201400000000150000.00|A|03/04/2015|2015000071346|1|MTGE    |12/09/2014|150000.00|03/03/2015|03/03/2015
201400000000800000.00|A|03/04/2015|2015000071347|1|AL&R    |12/09/2014|800000.00|03/03/2015|03/03/2015
201400000000000000.00|A|03/04/2015|2015000070913|3|SAT     |12/30/2014|$-|03/03/2015|03/03/2015
201500000000000000.00|A|03/04/2015|2015000071720|3|DEED    |01/06/2015|$-|03/03/2015|03/03/2015
201400000000000000.00|A|03/04/2015|2015000072000|3|PAT     |12/22/2014|$-|03/03/2015|03/03/2015
201400000000000000.00|A|03/04/2015|2015000072001|3|PAT     |12/31/2014|$-|03/03/2015|03/03/2015
201400000000000000.00|A|03/04/2015|2015000072002|3|PAT     |12/31/2014|$-|03/03/2015|03/03/2015
201500000002000000.00|A|03/04/2015|2015000072003|3|DEED    |01/06/2015|2000000.00|03/03/2015|03/03/2015
201500000001500000.00|A|03/04/2015|2015000072004|3|MTGE    |01/06/2015|1500000.00|03/03/2015|03/03/2015
201400000000000000.00|A|03/04/2015|2015000071517|1|DEED    |12/31/2014|$-|03/03/2015|03/03/2015
201400000006217931.00|A|03/04/2015|2015000071613|1|MTGE    |12/19/2014|6217931.00|03/03/2015|03/03/2015
201400000006217931.00|A|03/04/2015|2015000071614|1|AL&R    |12/19/2014|6217931.00|03/03/2015|03/03/2015
201400000000000000.00|A|03/04/2015|2015000071615|1|SUBM    |12/19/2014|$-|03/03/2015|03/03/2015
201500000000000000.00|A|03/04/2015|2015000071624|3|SAT     |02/16/2015|$-|03/03/2015|03/03/2015
201500000000000000.00|A|03/04/2015|2015000072286|3|ASST    |01/12/2015|$-|03/03/2015|03/03/2015
201500000000000000.00|A|03/04/2015|2015000072287|3|SAT     |01/12/2015|$-|03/03/2015|03/03/2015
201500000000000000.00|A|03/04/2015|2015000072284|3|SAT     |01/09/2015|$-|03/03/2015|03/03/2015
201400000000000000.00|A|03/04/2015|2015000072285|3|PAT     |08/04/2014|$-|03/03/2015|03/03/2015
201500000000000010.00|A|03/04/2015|2015000071051|3|DEED    |02/10/2015|10.00|03/03/2015|03/03/2015
201500000000000000.00|A|03/04/2015|2015000072288|3|SAT     |01/09/2015|$-|03/03/2015|03/03/2015
201400000000000000.00|A|03/04/2015|2015000072289|3|PAT     |09/05/2014|$-|03/03/2015|03/03/2015
201500000000000000.00|A|03/04/2015|2015000072432|1|CORRD   |01/15/2015|$-|03/03/2015|03/03/2015
201500000000850000.00|A|03/04/2015|2015000072198|1|DEED    |01/07/2015|850000.00|03/03/2015|03/03/2015
201400000000000000.00|A|03/04/2015|2015000071515|1|TL&R    |07/29/2014|$-|03/03/2015|03/03/2015
201400000000560000.00|A|03/04/2015|2015000071469|1|DEED    |09/15/2014|560000.00|03/03/2015|03/03/2015
201500000000000000.00|A|03/04/2015|2015000072374|3|DEED    |02/11/2015|$-|03/03/2015|03/03/2015
201500000000000000.00|A|03/04/2015|2015000072390|3|SAT     |01/09/2015|$-|03/03/2015|03/03/2015
201500000000000000.00|A|03/04/2015|2015000071597|3|SAT     |02/16/2015|$-|03/03/2015|03/03/2015
201500000000000000.00|A|03/04/2015|2015000071681|3|SAT     |01/28/2015|$-|03/03/2015|03/03/2015
201500000000650000.00|A|03/04/2015|2015000071330|1|DEED    |01/22/2015|650000.00|03/03/2015|03/03/2015
201500000000635937.00|A|03/04/2015|2015000071331|1|MTGE    |01/22/2015|635937.00|03/03/2015|03/03/2015
201400000000000000.00|A|03/04/2015|2015000071593|3|PAT     |11/18/2014|$-|03/03/2015|03/03/2015
201500000000000000.00|A|03/04/2015|2015000071594|3|ASST    |01/30/2015|$-|03/03/2015|03/03/2015
201400000000000000.00|A|03/04/2015|2015000072109|1|DEED    |12/04/2014|$-|03/03/2015|03/03/2015
201500000000000000.00|A|03/04/2015|2015000072267|3|SMIS    |02/04/2015|$-|03/03/2015|03/03/2015
201500000000709500.00|A|03/04/2015|2015000071091|4|DEED    |02/03/2015|709500.00|03/03/2015|03/03/2015
201500000000490000.00|A|03/04/2015|2015000071092|4|MTGE    |02/03/2015|490000.00|03/03/2015|03/03/2015
201500000000000000.00|A|03/04/2015|2015000071093|4|RTXL    |01/09/2015|$-|03/03/2015|03/03/2015
201500000000950000.00|A|03/04/2015|2015000071047|1|DEED    |01/22/2015|950000.00|03/03/2015|03/03/2015
201500000000570000.00|A|03/04/2015|2015000071048|1|MTGE    |01/22/2015|570000.00|03/03/2015|03/03/2015
201400000000020000.00|A|03/04/2015|2015000072150|1|DEED    |10/29/2014|20000.00|03/03/2015|03/03/2015
201500000000000000.00|A|03/04/2015|2015000072394|3|SAT     |02/04/2015|$-|03/03/2015|03/03/2015
201500000000000000.00|A|03/04/2015|2015000071156|3|SAT     |02/05/2015|$-|03/03/2015|03/03/2015
201500000000000000.00|A|03/04/2015|2015000071157|3|SAT     |02/05/2015|$-|03/03/2015|03/03/2015
201500000000000000.00|A|03/04/2015|2015000071592|3|SAT     |02/05/2015|$-|03/03/2015|03/03/2015
201500000000000000.00|A|03/04/2015|2015000072113|1|PAT     |01/14/2015|$-|03/03/2015|03/03/2015
201500000001250000.00|A|03/04/2015|2015000072114|1|DEED    |01/22/2015|1250000.00|03/03/2015|03/03/2015
201500000000550000.00|A|03/04/2015|2015000072115|1|MTGE    |01/22/2015|550000.00|03/03/2015|03/03/2015
201500000000465000.00|A|03/04/2015|2015000071249|1|DEED    |01/05/2015|465000.00|03/03/2015|03/03/2015
201500000002071359.30|A|03/04/2015|2015000071828|1|MTGE    |02/02/2015|2071359.30|03/03/2015|03/03/2015
201500000006300000.00|A|03/04/2015|2015000071829|1|AGMT    |02/02/2015|6300000.00|03/03/2015|03/03/2015
201500000006300000.00|A|03/04/2015|2015000071830|1|AL&R    |02/02/2015|6300000.00|03/03/2015|03/03/2015
201500000005900000.00|A|03/04/2015|2015000071831|1|MTGE    |02/02/2015|5900000.00|03/03/2015|03/03/2015
201500000005900000.00|A|03/04/2015|2015000071832|1|AL&R    |02/02/2015|5900000.00|03/03/2015|03/03/2015
201500000000000000.00|A|03/04/2015|2015000071764|3|SAT     |02/09/2015|$-|03/03/2015|03/03/2015
201500000000280000.00|A|03/04/2015|2015000071703|2|RPTT&RET|02/05/2015|280000.00|03/03/2015|03/03/2015
201500000000365000.00|A|03/04/2015|2015000072155|1|RPTT&RET|02/12/2015|365000.00|03/03/2015|03/03/2015
201500000001026473.00|A|03/04/2015|2015000072304|1|DEED    |01/16/2015|1026473.00|03/03/2015|03/03/2015
201500000000770250.00|A|03/04/2015|2015000072305|1|MTGE    |01/16/2015|770250.00|03/03/2015|03/03/2015
201500000000051000.00|A|03/04/2015|2015000072306|1|MTGE    |01/16/2015|51000.00|03/03/2015|03/03/2015
201500000000000000.00|A|03/04/2015|2015000071913|2|ASST    |02/09/2015|$-|03/03/2015|03/03/2015
201500000016875000.00|A|03/04/2015|2015000071914|2|M&CON   |02/06/2015|16875000.00|03/03/2015|03/03/2015
201500000016875000.00|A|03/04/2015|2015000071915|2|AL&R    |02/09/2015|16875000.00|03/03/2015|03/03/2015
201500000000000000.00|A|03/04/2015|2015000071916|2|TL&R    |02/09/2015|$-|03/03/2015|03/03/2015
201500000000000000.00|A|03/04/2015|2015000071917|2|TL&R    |02/09/2015|$-|03/03/2015|03/03/2015
201500000000000000.00|A|03/04/2015|2015000071159|1|SMIS    |01/05/2015|$-|03/03/2015|03/03/2015
201500000000000000.00|A|03/04/2015|2015000072054|1|ASST    |02/05/2015|$-|03/03/2015|03/03/2015
201500000000000000.00|A|03/04/2015|2015000072055|1|TL&R    |02/05/2015|$-|03/03/2015|03/03/2015
201500000003445000.00|A|03/04/2015|2015000072056|1|AGMT    |02/06/2015|3445000.00|03/03/2015|03/03/2015
201500000003445000.00|A|03/04/2015|2015000072057|1|AL&R    |02/06/2015|3445000.00|03/03/2015|03/03/2015
201500000003146272.00|A|03/04/2015|2015000072058|1|MTGE    |02/06/2015|3146272.00|03/03/2015|03/03/2015
201500000003146272.00|A|03/04/2015|2015000072059|1|AL&R    |02/06/2015|3146272.00|03/03/2015|03/03/2015
201500000000608728.00|A|03/04/2015|2015000072060|1|MTGE    |02/06/2015|608728.00|03/03/2015|03/03/2015
201500000000608728.00|A|03/04/2015|2015000072061|1|AL&R    |02/06/2015|608728.00|03/03/2015|03/03/2015
201500000000562000.00|A|03/04/2015|2015000072192|1|RPTT&RET|02/03/2015|562000.00|03/03/2015|03/03/2015
201500000000631315.00|A|03/04/2015|2015000072133|1|DEED    |02/10/2015|631315.00|03/03/2015|03/03/2015
201500000000372000.00|A|03/04/2015|2015000072134|1|MTGE    |02/10/2015|372000.00|03/03/2015|03/03/2015
201500000000000000.00|A|03/04/2015|2015000072135|1|PAT     |02/10/2015|$-|03/03/2015|03/03/2015
201500000000000000.00|A|03/04/2015|2015000072136|1|PREL    |01/30/2015|$-|03/03/2015|03/03/2015
201500000000000000.00|A|03/04/2015|2015000072137|1|PREL    |01/30/2015|$-|03/03/2015|03/03/2015
201500000000000000.00|A|03/04/2015|2015000072138|1|REL     |01/30/2015|$-|03/03/2015|03/03/2015
201500000000000000.00|A|03/04/2015|2015000072376|3|SAT     |02/11/2015|$-|03/03/2015|03/03/2015
201500000000000000.00|A|03/04/2015|2015000072375|3|ASST    |02/02/2015|$-|03/03/2015|03/03/2015
200400000000000000.00|A|03/04/2015|2015000072381|1|ASST    |12/17/2004|$-|03/03/2015|03/03/2015
201500000000499268.25|A|03/04/2015|2015000071553|4|DEED    |02/05/2015|499268.25|03/03/2015|03/03/2015
201500000000000000.00|A|03/04/2015|2015000071554|4|PAT     |02/05/2015|$-|03/03/2015|03/03/2015
201500000000000000.00|A|03/04/2015|2015000071555|4|PREL    |02/05/2015|$-|03/03/2015|03/03/2015
201500000000000000.00|A|03/04/2015|2015000071556|4|PREL    |02/05/2015|$-|03/03/2015|03/03/2015
201500000000000000.00|A|03/04/2015|2015000071557|4|REL     |02/05/2015|$-|03/03/2015|03/03/2015
201500000000000000.00|A|03/04/2015|2015000071558|4|REL     |02/05/2015|$-|03/03/2015|03/03/2015
201500000000000000.00|A|03/04/2015|2015000072387|3|ASST    |02/05/2015|$-|03/03/2015|03/03/2015
201500000000000000.00|A|03/04/2015|2015000071101|3|DEED, LE|01/08/2015|$-|03/03/2015|03/03/2015
201500000000100000.00|A|03/04/2015|2015000071704|2|MTGE    |02/06/2015|100000.00|03/03/2015|03/03/2015
201500000000400000.00|A|03/04/2015|2015000071245|1|MTGE    |02/10/2015|400000.00|03/03/2015|03/03/2015
201500000000400000.00|A|03/04/2015|2015000071246|1|AL&R    |02/10/2015|400000.00|03/03/2015|03/03/2015
201500000000000000.00|A|03/04/2015|2015000071759|1|DEED    |02/06/2015|$-|03/03/2015|03/03/2015
201500000001200000.00|A|03/04/2015|2015000071760|1|MTGE    |02/06/2015|1200000.00|03/03/2015|03/03/2015
201500000001200000.00|A|03/04/2015|2015000071761|1|AL&R    |02/06/2015|1200000.00|03/03/2015|03/03/2015
201500000000000000.00|A|03/04/2015|2015000072396|3|SAT     |02/13/2015|$-|03/03/2015|03/03/2015
201500000000000000.00|A|03/04/2015|2015000072392|3|SAT     |02/16/2015|$-|03/03/2015|03/03/2015
201500000000000000.00|A|03/04/2015|2015000070914|1|DEED    |02/03/2015|$-|03/03/2015|03/03/2015
201500000000000000.00|A|03/04/2015|2015000072011|3|SAT     |02/16/2015|$-|03/03/2015|03/03/2015
201500000000000000.00|A|03/04/2015|2015000071002|1|ASST    |02/05/2015|$-|03/03/2015|03/03/2015
201500000000365000.00|A|03/04/2015|2015000070916|1|DEED    |02/05/2015|365000.00|03/03/2015|03/03/2015
201500000000000000.00|A|03/04/2015|2015000071531|3|SAT     |02/16/2015|$-|03/03/2015|03/03/2015
201500000000000000.00|A|03/04/2015|2015000071532|3|SAT     |02/16/2015|$-|03/03/2015|03/03/2015
201500000000000000.00|A|03/04/2015|2015000071530|3|SAT     |02/16/2015|$-|03/03/2015|03/03/2015
201500000000000000.00|A|03/04/2015|2015000071529|3|SAT     |02/16/2015|$-|03/03/2015|03/03/2015
201500000000000000.00|A|03/04/2015|2015000071533|3|SAT     |02/16/2015|$-|03/03/2015|03/03/2015
201500000000000000.00|A|03/04/2015|2015000071587|3|SAT     |02/17/2015|$-|03/03/2015|03/03/2015
201500000000000000.00|A|03/04/2015|2015000071588|3|SAT     |02/17/2015|$-|03/03/2015|03/03/2015
201400000000000000.00|A|03/04/2015|2015000071099|1|ZONE    |12/30/2014|$-|03/03/2015|03/03/2015
201500000000000000.00|A|03/04/2015|2015000071100|1|CERT    |01/30/2015|$-|03/03/2015|03/03/2015
201400000000000000.00|A|03/04/2015|2015000071097|1|ZONE    |12/29/2014|$-|03/03/2015|03/03/2015
201500000000000000.00|A|03/04/2015|2015000071098|1|CERT    |01/30/2015|$-|03/03/2015|03/03/2015
201500000000000000.00|A|03/04/2015|2015000070961|1|ZONE    |02/13/2015|$-|03/03/2015|03/03/2015
201500000000430000.00|A|03/04/2015|2015000071242|1|MTGE    |02/05/2015|430000.00|03/03/2015|03/03/2015
201500000000000000.00|A|03/04/2015|2015000071243|1|SAT     |02/03/2015|$-|03/03/2015|03/03/2015
201500000000550000.00|A|03/04/2015|2015000071645|1|DEED    |02/05/2015|550000.00|03/03/2015|03/03/2015
201500000000000000.00|A|03/04/2015|2015000071646|1|PAT     |02/05/2015|$-|03/03/2015|03/03/2015
201500000000375000.00|A|03/04/2015|2015000071647|1|MTGE    |02/05/2015|375000.00|03/03/2015|03/03/2015
201500000000000000.00|A|03/04/2015|2015000070881|1|ASST    |02/10/2015|$-|03/03/2015|03/03/2015
201500000000000000.00|A|03/04/2015|2015000070882|1|ASST    |02/10/2015|$-|03/03/2015|03/03/2015
201500000000107500.00|A|03/04/2015|2015000071621|3|RPTT&RET|02/12/2015|107500.00|03/03/2015|03/03/2015
201500000000000000.00|A|03/04/2015|2015000071332|1|ASST    |01/29/2015|$-|03/03/2015|03/03/2015
201500000000257442.84|A|03/04/2015|2015000071333|1|MTGE    |02/09/2015|257442.84|03/03/2015|03/03/2015
201500000000850000.00|A|03/04/2015|2015000071334|1|AGMT    |02/09/2015|850000.00|03/03/2015|03/03/2015
201500000000000000.00|A|03/04/2015|2015000071595|3|SAT     |02/17/2015|$-|03/03/2015|03/03/2015
201500000000000000.00|A|03/04/2015|2015000071596|3|SAT     |02/17/2015|$-|03/03/2015|03/03/2015
201500000000001448.91|A|03/04/2015|2015000072444|1|MTGE    |02/06/2015|1448.91|03/03/2015|03/03/2015
201500000001375000.00|A|03/04/2015|2015000072445|1|AGMT    |02/06/2015|1375000.00|03/03/2015|03/03/2015
201400000000000000.00|A|03/04/2015|2015000071248|1|DEED    |12/11/2014|$-|03/03/2015|03/03/2015
201400000000000000.00|A|03/04/2015|2015000071337|1|DEED    |12/08/2014|$-|03/03/2015|03/03/2015
201500000000603822.25|A|03/04/2015|2015000071142|1|DEED    |02/05/2015|603822.25|03/03/2015|03/03/2015
201500000000000000.00|A|03/04/2015|2015000071143|1|PAT     |02/05/2015|$-|03/03/2015|03/03/2015
201500000000000000.00|A|03/04/2015|2015000071591|3|SAT     |02/13/2015|$-|03/03/2015|03/03/2015
201500000000000000.00|A|03/04/2015|2015000071158|3|SAT     |02/18/2015|$-|03/03/2015|03/03/2015
201500000000938250.00|A|03/04/2015|2015000071424|1|MTGE    |02/10/2015|938250.00|03/03/2015|03/03/2015
201500000000938250.00|A|03/04/2015|2015000071425|1|MTGE    |02/10/2015|938250.00|03/03/2015|03/03/2015
201500000000000000.00|A|03/04/2015|2015000072368|3|SAT     |02/18/2015|$-|03/03/2015|03/03/2015
201500000000000000.00|A|03/04/2015|2015000071552|3|DEED    |02/04/2015|$-|03/03/2015|03/03/2015
201500000000000000.00|A|03/04/2015|2015000071238|3|DEED    |01/29/2015|$-|03/03/2015|03/03/2015
201400000000100000.00|A|03/04/2015|2015000071567|3|MTGE    |08/09/2014|100000.00|03/03/2015|03/03/2015
201400000000250000.00|A|03/04/2015|2015000071568|3|AGMT    |08/09/2014|250000.00|03/03/2015|03/03/2015
201500000000000000.00|A|03/04/2015|2015000072371|3|SAT     |02/18/2015|$-|03/03/2015|03/03/2015
201500000001110000.00|A|03/04/2015|2015000072036|1|DEED    |02/12/2015|1110000.00|03/03/2015|03/03/2015
201500000000605000.00|A|03/04/2015|2015000072037|1|MTGE    |02/12/2015|605000.00|03/03/2015|03/03/2015
201500000000150314.64|A|03/04/2015|2015000070889|3|M&CON   |01/07/2015|150314.64|03/03/2015|03/03/2015
201300000000030000.00|A|03/04/2015|2015000071622|3|MTGE    |02/05/2013|30000.00|03/03/2015|03/03/2015
201300000000100000.00|A|03/04/2015|2015000071623|3|AGMT    |02/05/2013|100000.00|03/03/2015|03/03/2015
201500000001150000.00|A|03/04/2015|2015000072093|4|DEED    |02/17/2015|1150000.00|03/03/2015|03/03/2015
201500000000000000.00|A|03/04/2015|2015000071678|3|DEED    |01/12/2015|$-|03/03/2015|03/03/2015
201500000000000000.00|A|03/04/2015|2015000071627|3|SAT     |02/17/2015|$-|03/03/2015|03/03/2015
201500000000000000.00|A|03/04/2015|2015000072340|3|SAT     |02/18/2015|$-|03/03/2015|03/03/2015
201500000000000000.00|A|03/04/2015|2015000071718|3|SAT     |02/11/2015|$-|03/03/2015|03/03/2015
201500000000000000.00|A|03/04/2015|2015000072418|1|ASST    |01/22/2015|$-|03/03/2015|03/03/2015
201500000000149086.41|A|03/04/2015|2015000072419|1|MTGE    |01/30/2015|149086.41|03/03/2015|03/03/2015
201500000000404000.00|A|03/04/2015|2015000072420|1|AGMT    |01/30/2015|404000.00|03/03/2015|03/03/2015
201500000000000000.00|A|03/04/2015|2015000071506|1|DEED    |02/18/2015|$-|03/03/2015|03/03/2015
201500000000000000.00|A|03/04/2015|2015000071566|3|DEED    |01/30/2015|$-|03/03/2015|03/03/2015
201500000000000000.00|A|03/04/2015|2015000071625|3|SAT     |02/18/2015|$-|03/03/2015|03/03/2015
201500000000000000.00|A|03/04/2015|2015000071626|3|SAT     |02/18/2015|$-|03/03/2015|03/03/2015
201500000000000000.00|A|03/04/2015|2015000071628|3|SAT     |02/18/2015|$-|03/03/2015|03/03/2015
201500000000100000.00|A|03/04/2015|2015000071522|3|MTGE    |02/12/2015|100000.00|03/03/2015|03/03/2015
201500000000410000.00|A|03/04/2015|2015000071342|3|DEED    |02/18/2015|410000.00|03/03/2015|03/03/2015
201500000000307500.00|A|03/04/2015|2015000071343|3|MTGE    |02/18/2015|307500.00|03/03/2015|03/03/2015
201500000000000000.00|A|03/04/2015|2015000071240|3|DEED    |02/17/2015|$-|03/03/2015|03/03/2015
201500000000007825.37|A|03/04/2015|2015000072429|1|MTGE    |01/30/2015|7825.37|03/03/2015|03/03/2015
201500000000264000.00|A|03/04/2015|2015000072430|1|AGMT    |01/30/2015|264000.00|03/03/2015|03/03/2015
201500000000000000.00|A|03/04/2015|2015000071052|1|DEED    |02/04/2015|$-|03/03/2015|03/03/2015
201400000000000000.00|A|03/04/2015|2015000071110|1|DEED    |12/30/2014|$-|03/03/2015|03/03/2015
201500000000000000.00|A|03/04/2015|2015000071523|3|ASST    |02/17/2015|$-|03/03/2015|03/03/2015
201200000000000000.00|A|03/04/2015|2015000071524|3|PAT     |04/02/2012|$-|03/03/2015|03/03/2015
201500000000000000.00|A|03/04/2015|2015000071717|3|SAT     |02/10/2015|$-|03/03/2015|03/03/2015
201500000000000000.00|A|03/04/2015|2015000071589|4|TL&R    |02/10/2015|$-|03/03/2015|03/03/2015
201500000000000000.00|A|03/04/2015|2015000071590|4|PREL    |02/10/2015|$-|03/03/2015|03/03/2015
201500000000000000.00|A|03/04/2015|2015000071283|3|DEED, LE|01/15/2015|$-|03/03/2015|03/03/2015
201500000003060000.00|A|03/04/2015|2015000071544|1|DEED    |02/10/2015|3060000.00|03/03/2015|03/03/2015
201500000000804392.41|A|03/04/2015|2015000071545|1|MTGE    |02/10/2015|804392.41|03/03/2015|03/03/2015
201500000002150000.00|A|03/04/2015|2015000071546|1|AGMT    |02/10/2015|2150000.00|03/03/2015|03/03/2015
201500000002150000.00|A|03/04/2015|2015000071547|1|AL&R    |02/10/2015|2150000.00|03/03/2015|03/03/2015
201500000000588359.00|A|03/04/2015|2015000071472|3|DEED    |02/09/2015|588359.00|03/03/2015|03/03/2015
201500000000592000.00|A|03/04/2015|2015000071473|3|MTGE    |02/09/2015|592000.00|03/03/2015|03/03/2015
201500000000000000.00|A|03/04/2015|2015000071474|3|PAT     |02/09/2015|$-|03/03/2015|03/03/2015
201500000000000000.00|A|03/04/2015|2015000071719|3|SAT     |02/12/2015|$-|03/03/2015|03/03/2015
201500000000000000.00|A|03/04/2015|2015000071742|3|SAT     |02/12/2015|$-|03/03/2015|03/03/2015
201400000000000000.00|A|03/04/2015|2015000072307|4|PAT     |07/18/2014|$-|03/03/2015|03/03/2015
201400000000000000.00|A|03/04/2015|2015000072308|4|ASST    |12/31/2014|$-|03/03/2015|03/03/2015
201500000000000000.00|A|03/04/2015|2015000071680|3|SAT     |02/12/2015|$-|03/03/2015|03/03/2015
201500000000565000.00|A|03/04/2015|2015000071762|1|DEED    |02/18/2015|565000.00|03/03/2015|03/03/2015
201500000000000000.00|A|03/04/2015|2015000072389|3|TOLCC   |01/29/2015|$-|03/03/2015|03/03/2015
201500000000000000.00|A|03/04/2015|2015000071284|3|DEED, LE|01/08/2015|$-|03/03/2015|03/03/2015
201500000000000000.00|A|03/04/2015|2015000071763|3|ASST    |02/12/2015|$-|03/03/2015|03/03/2015
201500000000000000.00|A|03/04/2015|2015000072370|3|SAT     |02/19/2015|$-|03/03/2015|03/03/2015
201500000000505000.00|A|03/04/2015|2015000071713|1|DEED    |02/18/2015|505000.00|03/03/2015|03/03/2015
201500000000220000.00|A|03/04/2015|2015000071682|1|RPTT&RET|02/20/2015|220000.00|03/03/2015|03/03/2015
201500000000000000.00|A|03/04/2015|2015000071598|3|SAT     |02/19/2015|$-|03/03/2015|03/03/2015
201500000000000000.00|A|03/04/2015|2015000071518|3|SAT     |02/19/2015|$-|03/03/2015|03/03/2015
201500000000615000.00|A|03/04/2015|2015000071649|1|DEED    |02/18/2015|615000.00|03/03/2015|03/03/2015
201500000000350000.00|A|03/04/2015|2015000071650|1|MTGE    |02/18/2015|350000.00|03/03/2015|03/03/2015
201500000000300000.00|A|03/04/2015|2015000072199|1|DEED    |02/18/2015|300000.00|03/03/2015|03/03/2015
201500000000000000.00|A|03/04/2015|2015000071004|4|CORRD   |02/02/2015|$-|03/03/2015|03/03/2015
201500000000780000.00|A|03/04/2015|2015000071426|1|MTGE    |02/10/2015|780000.00|03/03/2015|03/03/2015
201500000000780000.00|A|03/04/2015|2015000071427|1|MTGE    |02/10/2015|780000.00|03/03/2015|03/03/2015
201500000000000000.00|A|03/04/2015|2015000071481|3|ASST    |02/12/2015|$-|03/03/2015|03/03/2015
201500000000000000.00|A|03/04/2015|2015000071482|3|SAT     |02/19/2015|$-|03/03/2015|03/03/2015
201500000000880000.00|A|03/04/2015|2015000071285|1|DEED    |02/06/2015|880000.00|03/03/2015|03/03/2015
201500000000440000.00|A|03/04/2015|2015000071286|1|MTGE    |02/06/2015|440000.00|03/03/2015|03/03/2015
201500000000221067.86|A|03/04/2015|2015000071152|4|AMTX    |02/12/2015|221067.86|03/03/2015|03/03/2015
201500000000218403.93|A|03/04/2015|2015000071153|4|AMTX    |02/12/2015|218403.93|03/03/2015|03/03/2015
201500000000000000.00|A|03/04/2015|2015000072268|1|DEED    |02/18/2015|$-|03/03/2015|03/03/2015
201500000000125000.00|A|03/04/2015|2015000072369|1|RPTT&RET|02/11/2015|125000.00|03/03/2015|03/03/2015
201400000000000000.00|A|03/04/2015|2015000072156|4|ASST    |10/31/2014|$-|03/03/2015|03/03/2015
201400000000533850.00|A|03/04/2015|2015000072157|4|AGMT    |12/15/2014|533850.00|03/03/2015|03/03/2015
201400000000000000.00|A|03/04/2015|2015000071679|3|AALR    |09/04/2014|$-|03/03/2015|03/03/2015
201500000000157000.00|A|03/04/2015|2015000071599|1|RPTT&RET|02/18/2015|157000.00|03/03/2015|03/03/2015
201500000001150000.00|A|03/04/2015|2015000071948|1|DEED    |02/17/2015|1150000.00|03/03/2015|03/03/2015
201500000000575000.00|A|03/04/2015|2015000071949|1|MTGE    |02/17/2015|575000.00|03/03/2015|03/03/2015
201500000000465500.00|A|03/04/2015|2015000072327|1|MTGE    |02/19/2015|465500.00|03/03/2015|03/03/2015
201500000000465500.00|A|03/04/2015|2015000072328|1|AL&R    |02/19/2015|465500.00|03/03/2015|03/03/2015
201500000000060867.91|A|03/04/2015|2015000072075|1|MTGE    |02/11/2015|60867.91|03/03/2015|03/03/2015
201500000000000000.00|A|03/04/2015|2015000072076|1|SUBM    |01/27/2015|$-|03/03/2015|03/03/2015
201500000000450000.00|A|03/04/2015|2015000072077|1|AGMT    |02/11/2015|450000.00|03/03/2015|03/03/2015
201500000002900000.00|A|03/04/2015|2015000071561|1|DEED    |02/18/2015|2900000.00|03/03/2015|03/03/2015
201500000000000000.00|A|03/04/2015|2015000071418|1|REL     |02/17/2015|$-|03/03/2015|03/03/2015
201500000000000000.00|A|03/04/2015|2015000071419|1|REL     |02/17/2015|$-|03/03/2015|03/03/2015
201500000000000000.00|A|03/04/2015|2015000071420|1|PREL    |02/17/2015|$-|03/03/2015|03/03/2015
201500000000000000.00|A|03/04/2015|2015000072395|3|SAT     |02/19/2015|$-|03/03/2015|03/03/2015
201500000000670000.00|A|03/04/2015|2015000071843|1|DEED    |02/12/2015|670000.00|03/03/2015|03/03/2015
201500000000502500.00|A|03/04/2015|2015000071844|1|MTGE    |02/12/2015|502500.00|03/03/2015|03/03/2015
201500000000502500.00|A|03/04/2015|2015000071845|1|AL&R    |02/12/2015|502500.00|03/03/2015|03/03/2015
201500000000006121.30|A|03/04/2015|2015000071534|1|MTGE    |02/12/2015|6121.30|03/03/2015|03/03/2015
201500000001070000.00|A|03/04/2015|2015000071535|1|AGMT    |02/12/2015|1070000.00|03/03/2015|03/03/2015
201500000000000000.00|A|03/04/2015|2015000071536|1|SUBM    |02/03/2015|$-|03/03/2015|03/03/2015
201500000000636406.25|A|03/04/2015|2015000071500|4|DEED    |02/19/2015|636406.25|03/03/2015|03/03/2015
201500000000468750.00|A|03/04/2015|2015000071501|4|MTGE    |02/19/2015|468750.00|03/03/2015|03/03/2015
201500000000000000.00|A|03/04/2015|2015000071502|4|PAT     |02/19/2015|$-|03/03/2015|03/03/2015
201500000000000000.00|A|03/04/2015|2015000072413|3|CERT    |02/10/2015|$-|03/03/2015|03/03/2015
201500000000000000.00|A|03/04/2015|2015000072414|3|ZONE    |02/10/2015|$-|03/03/2015|03/03/2015
201500000000415000.00|A|03/04/2015|2015000072201|1|DEED    |02/17/2015|415000.00|03/03/2015|03/03/2015
201500000000332000.00|A|03/04/2015|2015000072202|1|MTGE    |02/17/2015|332000.00|03/03/2015|03/03/2015
201500000000000000.00|A|03/04/2015|2015000072069|1|DEED    |01/30/2015|$-|03/03/2015|03/03/2015
201500000000000000.00|A|03/04/2015|2015000072070|1|DEED    |01/30/2015|$-|03/03/2015|03/03/2015
201500000000000000.00|A|03/04/2015|2015000072071|1|DEED    |01/30/2015|$-|03/03/2015|03/03/2015
201500000000000000.00|A|03/04/2015|2015000072072|1|PAT     |01/30/2015|$-|03/03/2015|03/03/2015
201500000000591747.33|A|03/04/2015|2015000072073|1|AGMT    |01/30/2015|591747.33|03/03/2015|03/03/2015
201500000000000000.00|A|03/04/2015|2015000072074|1|AGMT    |01/30/2015|$-|03/03/2015|03/03/2015
201500000001350000.00|A|03/04/2015|2015000071226|1|DEED    |02/19/2015|1350000.00|03/03/2015|03/03/2015
201500000000929500.00|A|03/04/2015|2015000071227|1|MTGE    |02/19/2015|929500.00|03/03/2015|03/03/2015
201500000000929500.00|A|03/04/2015|2015000071228|1|AL&R    |02/19/2015|929500.00|03/03/2015|03/03/2015
201500000000000000.00|A|03/04/2015|2015000071094|1|TL&R    |01/23/2015|$-|03/03/2015|03/03/2015
201500000000000000.00|A|03/04/2015|2015000071095|1|TL&R    |01/23/2015|$-|03/03/2015|03/03/2015
201500000002924980.86|A|03/04/2015|2015000071096|1|MTGE    |02/12/2015|2924980.86|03/03/2015|03/03/2015
201500000000000000.00|A|03/04/2015|2015000070917|1|SAT     |01/28/2015|$-|03/03/2015|03/03/2015
201400000000000000.00|A|03/04/2015|2015000071630|1|DEED    |10/30/2014|$-|03/03/2015|03/03/2015
201400000000000000.00|A|03/04/2015|2015000071651|1|DEED    |10/30/2014|$-|03/03/2015|03/03/2015
201400000000000000.00|A|03/04/2015|2015000071516|1|DEED    |10/30/2014|$-|03/03/2015|03/03/2015
201500000000000000.00|A|03/04/2015|2015000070998|1|PAT     |02/05/2015|$-|03/03/2015|03/03/2015
201500000000000000.00|A|03/04/2015|2015000070999|1|PAT     |02/04/2015|$-|03/03/2015|03/03/2015
201500000000000000.00|A|03/04/2015|2015000071000|1|DEED    |02/05/2015|$-|03/03/2015|03/03/2015
201500000000480000.00|A|03/04/2015|2015000071001|1|MTGE    |02/05/2015|480000.00|03/03/2015|03/03/2015
201500000000773870.00|A|03/04/2015|2015000071498|1|DEED    |02/18/2015|773870.00|03/03/2015|03/03/2015
201500000000000000.00|A|03/04/2015|2015000071499|1|PAT     |02/18/2015|$-|03/03/2015|03/03/2015
201400000000000000.00|A|03/04/2015|2015000070960|1|DEED    |11/22/2014|$-|03/03/2015|03/03/2015
201500000000499000.00|A|03/04/2015|2015000071600|1|MTGE    |02/19/2015|499000.00|03/03/2015|03/03/2015
201500000000000000.00|A|03/04/2015|2015000071869|1|DEED    |02/18/2015|$-|03/03/2015|03/03/2015
201500000000000000.00|A|03/04/2015|2015000071870|1|DEED    |02/18/2015|$-|03/03/2015|03/03/2015
201500000000000000.00|A|03/04/2015|2015000071871|1|DEED    |02/18/2015|$-|03/03/2015|03/03/2015
201500000000000000.00|A|03/04/2015|2015000071872|1|ASST    |01/30/2015|$-|03/03/2015|03/03/2015
201500000000000000.00|A|03/04/2015|2015000071873|1|ASST    |01/28/2015|$-|03/03/2015|03/03/2015
201500000000000000.00|A|03/04/2015|2015000071874|1|ASST    |01/30/2015|$-|03/03/2015|03/03/2015
201500000001425000.00|A|03/04/2015|2015000071875|1|AGMT    |02/24/2015|1425000.00|03/03/2015|03/03/2015
201500000001425000.00|A|03/04/2015|2015000071876|1|AL&R    |02/24/2015|1425000.00|03/03/2015|03/03/2015
201500000000000000.00|A|03/04/2015|2015000072332|4|DEED    |02/10/2015|$-|03/03/2015|03/03/2015
201500000000130000.00|A|03/04/2015|2015000071239|1|MTGE    |02/04/2015|130000.00|03/03/2015|03/03/2015
201500000000938000.00|A|03/04/2015|2015000071477|1|DEED    |02/10/2015|938000.00|03/03/2015|03/03/2015
201500000000488000.00|A|03/04/2015|2015000071478|1|MTGE    |02/10/2015|488000.00|03/03/2015|03/03/2015
201500000000000000.00|A|03/04/2015|2015000072391|3|LOCC    |02/24/2015|$-|03/03/2015|03/03/2015
201500000007860262.00|A|03/04/2015|2015000071421|1|RPTT&RET|02/17/2015|7860262.00|03/03/2015|03/03/2015
201500000000000000.00|A|03/04/2015|2015000072393|3|LOCC    |02/24/2015|$-|03/03/2015|03/03/2015
201500000000000000.00|A|03/04/2015|2015000071247|1|PAT     |01/28/2015|$-|03/03/2015|03/03/2015
201500000000000000.00|A|03/04/2015|2015000070862|1|ASST    |01/30/2015|$-|03/03/2015|03/03/2015
201500000000000000.00|A|03/04/2015|2015000070863|1|ASST    |01/30/2015|$-|03/03/2015|03/03/2015
201500000000048382.00|A|03/04/2015|2015000070864|1|MTGE    |02/11/2015|48382.00|03/03/2015|03/03/2015
201500000000000000.00|A|03/04/2015|2015000071927|1|PAT     |02/15/2015|$-|03/03/2015|03/03/2015
201500000000860000.00|A|03/04/2015|2015000071928|1|DEED    |02/17/2015|860000.00|03/03/2015|03/03/2015
201500000000600000.00|A|03/04/2015|2015000071929|1|MTGE    |02/17/2015|600000.00|03/03/2015|03/03/2015
201500000000000000.00|A|03/04/2015|2015000071652|1|TL&R    |02/19/2015|$-|03/03/2015|03/03/2015
201500000000000000.00|A|03/04/2015|2015000071279|1|DEED    |02/05/2015|$-|03/03/2015|03/03/2015
201500000000000000.00|A|03/04/2015|2015000071280|1|SMIS    |02/05/2015|$-|03/03/2015|03/03/2015
201500000000350000.00|A|03/04/2015|2015000070865|1|DEED    |02/17/2015|350000.00|03/03/2015|03/03/2015
201400000000000000.00|A|03/04/2015|2015000070866|1|DTL     |08/29/2014|$-|03/03/2015|03/03/2015
201500000000555000.00|A|03/04/2015|2015000070879|1|DEED    |02/13/2015|555000.00|03/03/2015|03/03/2015
201500000000499500.00|A|03/04/2015|2015000070880|1|MTGE    |02/13/2015|499500.00|03/03/2015|03/03/2015
201500000000815000.00|A|03/04/2015|2015000070982|1|RPTT&RET|01/30/2015|815000.00|03/03/2015|03/03/2015
201500000000990000.00|A|03/04/2015|2015000071950|1|DEED    |02/18/2015|990000.00|03/03/2015|03/03/2015
201500000000490000.00|A|03/04/2015|2015000071951|1|MTGE    |02/18/2015|490000.00|03/03/2015|03/03/2015
201500000001500000.00|A|03/04/2015|2015000070912|1|DEED    |02/12/2015|1500000.00|03/03/2015|03/03/2015
201400000000000000.00|A|03/04/2015|2015000070962|1|RTXL    |09/24/2014|$-|03/03/2015|03/03/2015
199300000000000000.00|A|03/04/2015|2015000070963|1|SAT     |07/29/1993|$-|03/03/2015|03/03/2015
201500000002575000.00|A|03/04/2015|2015000070964|1|DEED    |02/18/2015|2575000.00|03/03/2015|03/03/2015
201500000001802500.00|A|03/04/2015|2015000070965|1|MTGE    |02/08/2015|1802500.00|03/03/2015|03/03/2015
201500000000001989.04|A|03/04/2015|2015000070867|1|MTGE    |02/10/2015|1989.04|03/03/2015|03/03/2015
201500000000436000.00|A|03/04/2015|2015000070868|1|AGMT    |02/10/2015|436000.00|03/03/2015|03/03/2015
201500000000000000.00|A|03/04/2015|2015000070869|1|SUBM    |01/28/2015|$-|03/03/2015|03/03/2015
201500000000000000.00|A|03/04/2015|2015000070890|1|ASST    |02/03/2015|$-|03/03/2015|03/03/2015
201500000000000000.00|A|03/04/2015|2015000070891|1|ASST    |02/03/2015|$-|03/03/2015|03/03/2015
201500000000000000.00|A|03/04/2015|2015000071674|1|ASST    |01/28/2015|$-|03/03/2015|03/03/2015
201500000000000000.00|A|03/04/2015|2015000071675|1|ASST    |02/19/2015|$-|03/03/2015|03/03/2015
201500000000007517.27|A|03/04/2015|2015000071676|1|MTGE    |02/13/2015|7517.27|03/03/2015|03/03/2015
201500000000401950.00|A|03/04/2015|2015000071677|1|AGMT    |02/13/2015|401950.00|03/03/2015|03/03/2015
201500000000000000.00|A|03/04/2015|2015000071003|1|SAT     |02/23/2015|$-|03/03/2015|03/03/2015
201500000000000000.00|A|03/04/2015|2015000070959|1|DEED    |01/27/2015|$-|03/03/2015|03/03/2015
200400000000000000.00|A|03/04/2015|2015000072067|1|SAT     |02/25/2004|$-|03/03/2015|03/03/2015
201500000000000000.00|A|03/04/2015|2015000070915|1|ASST    |02/03/2015|$-|03/03/2015|03/03/2015
199800000000000000.00|A|03/04/2015|2015000071049|1|SAT     |07/30/1998|$-|03/03/2015|03/03/2015
201500000000325000.00|A|03/04/2015|2015000071050|1|MTGE    |02/18/2015|325000.00|03/03/2015|03/03/2015
201500000000000000.00|A|03/04/2015|2015000071053|1|CERT    |01/26/2015|$-|03/03/2015|03/03/2015
201500000000000000.00|A|03/04/2015|2015000071054|1|ZONE    |02/19/2015|$-|03/03/2015|03/03/2015
201500000000292000.00|A|03/04/2015|2015000070979|1|MTGE    |02/12/2015|292000.00|03/03/2015|03/03/2015
201500000000000000.00|A|03/04/2015|2015000070980|1|ASST    |02/03/2015|$-|03/03/2015|03/03/2015
201500000000000000.00|A|03/04/2015|2015000071422|1|ZONE    |02/18/2015|$-|03/03/2015|03/03/2015
201500000000000000.00|A|03/04/2015|2015000071423|1|CERT    |02/24/2015|$-|03/03/2015|03/03/2015
201500000002840000.00|A|03/04/2015|2015000071714|1|DEED    |02/03/2015|2840000.00|03/03/2015|03/03/2015
201500000000000000.00|A|03/04/2015|2015000070918|1|CTOR    |02/19/2015|$-|03/03/2015|03/03/2015
201500000000000000.00|A|03/04/2015|2015000070981|1|ASST    |02/03/2015|$-|03/03/2015|03/03/2015
201500000000000000.00|A|03/04/2015|2015000071549|1|ASST    |01/15/2015|$-|03/03/2015|03/03/2015
201500000000004778.87|A|03/04/2015|2015000071550|1|MTGE    |02/03/2015|4778.87|03/03/2015|03/03/2015
201500000000525575.00|A|03/04/2015|2015000071551|1|AGMT    |02/03/2015|525575.00|03/03/2015|03/03/2015
201400000000368900.85|A|03/04/2015|2015000071102|1|M&CON   |11/21/2014|368900.85|03/03/2015|03/03/2015
201500000000000000.00|A|03/04/2015|2015000071103|1|ASST    |02/03/2015|$-|03/03/2015|03/03/2015
201500000000000000.00|A|03/04/2015|2015000071104|1|ASST    |02/03/2015|$-|03/03/2015|03/03/2015
201400000000334227.78|A|03/04/2015|2015000071105|1|M&CON   |11/24/2014|334227.78|03/03/2015|03/03/2015
201500000000000000.00|A|03/04/2015|2015000071106|1|ASST    |02/03/2015|$-|03/03/2015|03/03/2015
201500000000000000.00|A|03/04/2015|2015000071107|1|ASST    |02/03/2015|$-|03/03/2015|03/03/2015
201500000000000000.00|A|03/04/2015|2015000071108|1|ASST    |02/03/2015|$-|03/03/2015|03/03/2015
201500000000645000.00|A|03/04/2015|2015000071005|1|MTGE    |02/12/2015|645000.00|03/03/2015|03/03/2015
201400000000000000.00|A|03/04/2015|2015000071006|1|DEED    |12/08/2014|$-|03/03/2015|03/03/2015
201500000001350000.00|A|03/04/2015|2015000071109|1|MTGE    |02/12/2015|1350000.00|03/03/2015|03/03/2015
201500000000000000.00|A|03/04/2015|2015000071007|1|DEED    |01/21/2015|$-|03/03/2015|03/03/2015
201500000000000000.00|A|03/04/2015|2015000071145|1|CERT    |02/23/2015|$-|03/03/2015|03/03/2015
201500000000000000.00|A|03/04/2015|2015000071146|1|ZONE    |02/19/2015|$-|03/03/2015|03/03/2015
201500000000000000.00|A|03/04/2015|2015000071144|1|ASST    |02/03/2015|$-|03/03/2015|03/03/2015
201400000000000000.00|A|03/04/2015|2015000071275|1|ASST    |08/26/2014|$-|03/03/2015|03/03/2015
201500000000000000.00|A|03/04/2015|2015000071276|1|ASST    |02/03/2015|$-|03/03/2015|03/03/2015
201400000000294759.76|A|03/04/2015|2015000071277|1|AGMT    |06/18/2014|294759.76|03/03/2015|03/03/2015
201500000000000000.00|A|03/04/2015|2015000071111|1|ASST    |02/03/2015|$-|03/03/2015|03/03/2015
201500000001250000.00|A|03/04/2015|2015000071952|1|DEED    |02/20/2015|1250000.00|03/03/2015|03/03/2015
201500000000400000.00|A|03/04/2015|2015000071953|1|MTGE    |02/20/2015|400000.00|03/03/2015|03/03/2015
201500000000000000.00|A|03/04/2015|2015000071805|1|ASST    |02/12/2015|$-|03/03/2015|03/03/2015
201500000000000000.00|A|03/04/2015|2015000071806|1|ASST    |02/12/2015|$-|03/03/2015|03/03/2015
201500000000000000.00|A|03/04/2015|2015000071807|1|ASST    |02/12/2015|$-|03/03/2015|03/03/2015
201500000000000000.00|A|03/04/2015|2015000071808|1|ASST    |02/12/2015|$-|03/03/2015|03/03/2015
201500000000009305.29|A|03/04/2015|2015000071809|1|MTGE    |02/17/2015|9305.29|03/03/2015|03/03/2015
201500000000257750.00|A|03/04/2015|2015000071810|1|AGMT    |02/17/2015|257750.00|03/03/2015|03/03/2015
201500000000000000.00|A|03/04/2015|2015000071278|1|ASST    |01/30/2015|$-|03/03/2015|03/03/2015
201400000000432242.82|A|03/04/2015|2015000071335|1|M&CON   |11/07/2014|432242.82|03/03/2015|03/03/2015
201500000000000000.00|A|03/04/2015|2015000071154|1|PREL    |02/18/2015|$-|03/03/2015|03/03/2015
201500000000000000.00|A|03/04/2015|2015000071155|1|PREL    |02/18/2015|$-|03/03/2015|03/03/2015
201500000000499000.00|A|03/04/2015|2015000071147|1|DEED    |02/24/2015|499000.00|03/03/2015|03/03/2015
201500000000010000.00|A|03/04/2015|2015000071148|1|DEED    |01/27/2015|10000.00|03/03/2015|03/03/2015
201500000000150000.00|A|03/04/2015|2015000071149|1|MTGE    |01/26/2015|150000.00|03/03/2015|03/03/2015
201500000000150000.00|A|03/04/2015|2015000071150|1|AL&R    |01/26/2015|150000.00|03/03/2015|03/03/2015
201500000000999999.00|A|03/04/2015|2015000071341|1|DEED    |02/20/2015|999999.00|03/03/2015|03/03/2015
201500000029712593.00|A|03/04/2015|2015000071244|1|RPTT&RET|02/17/2015|29712593.00|03/03/2015|03/03/2015
201500000002100000.00|A|03/04/2015|2015000071281|1|RPTT&RET|02/24/2015|2100000.00|03/03/2015|03/03/2015
201500000000000000.00|A|03/04/2015|2015000071336|1|ASST    |02/03/2015|$-|03/03/2015|03/03/2015
201500000000000000.00|A|03/04/2015|2015000071338|1|ASST    |02/03/2015|$-|03/03/2015|03/03/2015
201500000000660000.00|A|03/04/2015|2015000071508|1|DEED    |02/23/2015|660000.00|03/03/2015|03/03/2015
201500000000360000.00|A|03/04/2015|2015000071509|1|MTGE    |02/23/2015|360000.00|03/03/2015|03/03/2015
201500000000360000.00|A|03/04/2015|2015000071510|1|AL&R    |02/23/2015|360000.00|03/03/2015|03/03/2015
201500000000000000.00|A|03/04/2015|2015000071519|1|ASST    |02/18/2015|$-|03/03/2015|03/03/2015
201500000000300452.72|A|03/04/2015|2015000071520|1|MTGE    |02/13/2015|300452.72|03/03/2015|03/03/2015
201500000000980000.00|A|03/04/2015|2015000071521|1|AGMT    |02/13/2015|980000.00|03/03/2015|03/03/2015
201500000000000000.00|A|03/04/2015|2015000071339|1|ASST    |02/03/2015|$-|03/03/2015|03/03/2015
201500000000000000.00|A|03/04/2015|2015000071282|1|ASST    |02/03/2015|$-|03/03/2015|03/03/2015
201500000000000000.00|A|03/04/2015|2015000071430|1|ASST    |01/15/2015|$-|03/03/2015|03/03/2015
201500000000016749.24|A|03/04/2015|2015000071431|1|MTGE    |02/05/2015|16749.24|03/03/2015|03/03/2015
201500000000630000.00|A|03/04/2015|2015000071432|1|AGMT    |02/05/2015|630000.00|03/03/2015|03/03/2015
201400000000000000.00|A|03/04/2015|2015000071433|1|SUBM    |12/29/2014|$-|03/03/2015|03/03/2015
201500000000000000.00|A|03/04/2015|2015000071513|1|CORRD   |02/23/2015|$-|03/03/2015|03/03/2015
201500000001430000.00|A|03/04/2015|2015000071514|1|DEED    |02/23/2015|1430000.00|03/03/2015|03/03/2015
201500000000000000.00|A|03/04/2015|2015000071503|1|ASST    |02/03/2015|$-|03/03/2015|03/03/2015
201500000000849000.00|A|03/04/2015|2015000071475|1|DEED    |02/24/2015|849000.00|03/03/2015|03/03/2015
201500000000636750.00|A|03/04/2015|2015000071476|1|MTGE    |02/24/2015|636750.00|03/03/2015|03/03/2015
201500000000000000.00|A|03/04/2015|2015000071340|1|ASST    |02/03/2015|$-|03/03/2015|03/03/2015
201500000000000000.00|A|03/04/2015|2015000071504|1|SAT     |02/02/2015|$-|03/03/2015|03/03/2015
201500000003690000.00|A|03/04/2015|2015000071287|1|MTGE    |02/04/2015|3690000.00|03/03/2015|03/03/2015
201500000000000000.00|A|03/04/2015|2015000071505|1|ASST    |02/03/2015|$-|03/03/2015|03/03/2015
201400000000459932.84|A|03/04/2015|2015000071507|1|M&CON   |11/05/2014|459932.84|03/03/2015|03/03/2015
201500000000000000.00|A|03/04/2015|2015000071344|1|ASST    |02/03/2015|$-|03/03/2015|03/03/2015
201500000000000000.00|A|03/04/2015|2015000071349|1|ASST    |02/03/2015|$-|03/03/2015|03/03/2015
201500000000000000.00|A|03/04/2015|2015000071350|1|ASST    |02/03/2015|$-|03/03/2015|03/03/2015
201400000003500000.00|A|03/04/2015|2015000071581|1|MTGE    |11/20/2014|3500000.00|03/03/2015|03/03/2015
201500000000414500.00|A|03/04/2015|2015000071562|1|MTGE    |02/12/2015|414500.00|03/03/2015|03/03/2015
201500000000000000.00|A|03/04/2015|2015000071483|1|CERT    |02/25/2015|$-|03/03/2015|03/03/2015
201500000000000000.00|A|03/04/2015|2015000071484|1|ZONE    |02/19/2015|$-|03/03/2015|03/03/2015
201500000000000000.00|A|03/04/2015|2015000071525|1|CERT    |02/25/2015|$-|03/03/2015|03/03/2015
201500000000000000.00|A|03/04/2015|2015000071526|1|ZONE    |02/19/2015|$-|03/03/2015|03/03/2015
201500000000000000.00|A|03/04/2015|2015000071563|1|ASST    |02/23/2015|$-|03/03/2015|03/03/2015
201500000000000000.00|A|03/04/2015|2015000071565|1|ASST    |02/23/2015|$-|03/03/2015|03/03/2015
201500000000000000.00|A|03/04/2015|2015000071584|1|PAT     |02/06/2015|$-|03/03/2015|03/03/2015
201500000000000000.00|A|03/04/2015|2015000071585|1|PAT     |02/06/2015|$-|03/03/2015|03/03/2015
201500000000022300.00|A|03/04/2015|2015000071586|1|MTGE    |02/06/2015|22300.00|03/03/2015|03/03/2015
201500000000001651.65|A|03/04/2015|2015000071715|1|MTGE    |02/14/2015|1651.65|03/03/2015|03/03/2015
201500000000532600.00|A|03/04/2015|2015000071716|1|AGMT    |02/14/2015|532600.00|03/03/2015|03/03/2015
201500000001400000.00|A|03/04/2015|2015000071629|1|RPTT&RET|02/19/2015|1400000.00|03/03/2015|03/03/2015
201300000000000000.00|A|03/04/2015|2015000071721|1|ASST    |12/19/2013|$-|03/03/2015|03/03/2015
201300000000344795.08|A|03/04/2015|2015000071722|1|AGMT    |10/21/2013|344795.08|03/03/2015|03/03/2015
201300000000078403.61|A|03/04/2015|2015000071723|1|MTGE    |10/21/2013|78403.61|03/03/2015|03/03/2015
201500000000000000.00|A|03/04/2015|2015000071631|1|SAT     |02/23/2015|$-|03/03/2015|03/03/2015
201500000001650000.00|A|03/04/2015|2015000071695|1|AGMT    |02/13/2015|1650000.00|03/03/2015|03/03/2015
201500000000570000.00|A|03/04/2015|2015000071654|1|DEED    |02/12/2015|570000.00|03/03/2015|03/03/2015
201500000000456000.00|A|03/04/2015|2015000071655|1|MTGE    |02/12/2015|456000.00|03/03/2015|03/03/2015
201500000000000000.00|A|03/04/2015|2015000071656|1|PAT     |02/12/2015|$-|03/03/2015|03/03/2015
201500000000200000.00|A|03/04/2015|2015000071724|1|MTGE    |02/13/2015|200000.00|03/03/2015|03/03/2015
201500000000450000.00|A|03/04/2015|2015000071683|1|DEED    |02/11/2015|450000.00|03/03/2015|03/03/2015
201500000000480000.00|A|03/04/2015|2015000071684|1|MTGE    |02/11/2015|480000.00|03/03/2015|03/03/2015
201500000000120000.00|A|03/04/2015|2015000071685|1|MTGE    |02/11/2015|120000.00|03/03/2015|03/03/2015
201400000000300000.00|A|03/04/2015|2015000072149|1|DEED    |07/25/2014|300000.00|03/03/2015|03/03/2015
201500000000570000.00|A|03/04/2015|2015000071657|1|DEED    |02/13/2015|570000.00|03/03/2015|03/03/2015
201500000000463980.00|A|03/04/2015|2015000071658|1|MTGE    |02/13/2015|463980.00|03/03/2015|03/03/2015
201300000000000000.00|A|03/04/2015|2015000071659|1|PAT     |03/26/2013|$-|03/03/2015|03/03/2015
201400000000000000.00|A|03/04/2015|2015000071660|1|ASST    |11/17/2014|$-|03/03/2015|03/03/2015
201500000000001567.02|A|03/04/2015|2015000071661|1|MTGE    |02/13/2015|1567.02|03/03/2015|03/03/2015
201500000000281500.00|A|03/04/2015|2015000071662|1|AGMT    |02/13/2015|281500.00|03/03/2015|03/03/2015
201500000000000000.00|A|03/04/2015|2015000071663|1|SUBM    |01/30/2015|$-|03/03/2015|03/03/2015
201500000000004719.03|A|03/04/2015|2015000071811|1|MTGE    |02/13/2015|4719.03|03/03/2015|03/03/2015
201500000000393150.00|A|03/04/2015|2015000071812|1|AGMT    |02/13/2015|393150.00|03/03/2015|03/03/2015
201400000000000000.00|A|03/04/2015|2015000071601|1|ASST    |12/02/2014|$-|03/03/2015|03/03/2015
201500000000003845.58|A|03/04/2015|2015000071602|1|MTGE    |02/11/2015|3845.58|03/03/2015|03/03/2015
201500000000322900.00|A|03/04/2015|2015000071603|1|AGMT    |02/11/2015|322900.00|03/03/2015|03/03/2015
201500000000000000.00|A|03/04/2015|2015000071604|1|SUBM    |01/27/2015|$-|03/03/2015|03/03/2015
201500000000000000.00|A|03/04/2015|2015000071686|1|ASST    |01/29/2015|$-|03/03/2015|03/03/2015
201500000000500000.00|A|03/04/2015|2015000071687|1|AGMT    |01/29/2015|500000.00|03/03/2015|03/03/2015
201400000000000000.00|A|03/04/2015|2015000071930|1|ASST    |12/30/2014|$-|03/03/2015|03/03/2015
201400000000000000.00|A|03/04/2015|2015000071931|1|ASST    |12/30/2014|$-|03/03/2015|03/03/2015
201400000000368000.00|A|03/04/2015|2015000071932|1|AGMT    |12/31/2014|368000.00|03/03/2015|03/03/2015
201500000000000000.00|A|03/04/2015|2015000071690|1|DEED    |02/13/2015|$-|03/03/2015|03/03/2015
201500000000450000.00|A|03/04/2015|2015000071691|1|MTGE    |02/20/2015|450000.00|03/03/2015|03/03/2015
201500000000000000.00|A|03/04/2015|2015000071921|1|SAT     |02/20/2015|$-|03/03/2015|03/03/2015
201400000000000000.00|A|03/04/2015|2015000071922|1|ASST    |10/22/2014|$-|03/03/2015|03/03/2015
201500000000000000.00|A|03/04/2015|2015000071689|1|SAT     |02/18/2015|$-|03/03/2015|03/03/2015
201500000000000000.00|A|03/04/2015|2015000071923|1|SAT     |02/20/2015|$-|03/03/2015|03/03/2015
201500000000000000.00|A|03/04/2015|2015000071877|1|SAT     |02/20/2015|$-|03/03/2015|03/03/2015
201500000000000000.00|A|03/04/2015|2015000071926|1|SAT     |02/20/2015|$-|03/03/2015|03/03/2015
201500000000000000.00|A|03/04/2015|2015000071924|1|SAT     |02/19/2015|$-|03/03/2015|03/03/2015
201500000000000000.00|A|03/04/2015|2015000071725|1|PAT     |02/10/2015|$-|03/03/2015|03/03/2015
201500000002495000.00|A|03/04/2015|2015000071726|1|DEED    |02/10/2015|2495000.00|03/03/2015|03/03/2015
201500000001996000.00|A|03/04/2015|2015000071727|1|MTGE    |02/10/2015|1996000.00|03/03/2015|03/03/2015
201500000000000000.00|A|03/04/2015|2015000071728|1|PAT     |02/10/2015|$-|03/03/2015|03/03/2015
201500000000000000.00|A|03/04/2015|2015000071925|1|SAT     |02/19/2015|$-|03/03/2015|03/03/2015
201500000000000000.00|A|03/04/2015|2015000071743|1|SAT     |02/19/2015|$-|03/03/2015|03/03/2015
201500000000000000.00|A|03/04/2015|2015000071897|1|SAT     |02/19/2015|$-|03/03/2015|03/03/2015
201500000000840000.00|A|03/04/2015|2015000072068|1|DEED    |02/24/2015|840000.00|03/03/2015|03/03/2015
201500000000000000.00|A|03/04/2015|2015000072032|1|SAT     |02/24/2015|$-|03/03/2015|03/03/2015
201300000000000001.00|A|03/04/2015|2015000072033|1|DEED    |02/06/2013|1.00|03/03/2015|03/03/2015
201400000000451029.76|A|03/04/2015|2015000071984|1|M&CON   |08/14/2014|451029.76|03/03/2015|03/03/2015
201500000000000000.00|A|03/04/2015|2015000072012|1|AGMT    |02/06/2015|$-|03/03/2015|03/03/2015
201500000000000000.00|A|03/04/2015|2015000072034|1|ASST    |02/19/2015|$-|03/03/2015|03/03/2015
201500000000000000.00|A|03/04/2015|2015000072035|1|ASST    |02/19/2015|$-|03/03/2015|03/03/2015
201500000000000000.00|A|03/04/2015|2015000072103|1|ASST    |01/28/2015|$-|03/03/2015|03/03/2015
201500000000000000.00|A|03/04/2015|2015000072110|1|DEED    |02/23/2015|$-|03/03/2015|03/03/2015
201500000000184456.21|A|03/04/2015|2015000072111|1|MTGE    |02/23/2015|184456.21|03/03/2015|03/03/2015
201500000000910000.00|A|03/04/2015|2015000072112|1|AGMT    |02/23/2015|910000.00|03/03/2015|03/03/2015
201500000000460000.00|A|03/04/2015|2015000072412|1|MTGE    |02/06/2015|460000.00|03/03/2015|03/03/2015
201500000000295000.00|A|03/04/2015|2015000072333|1|MTGE    |02/23/2015|295000.00|03/03/2015|03/03/2015
201500000003500000.00|A|03/04/2015|2015000072415|1|DEED    |02/19/2015|3500000.00|03/03/2015|03/03/2015
201500000002450000.00|A|03/04/2015|2015000072416|1|MTGE    |02/19/2015|2450000.00|03/03/2015|03/03/2015
201500000000280000.00|A|03/04/2015|2015000072200|1|MTGE    |02/14/2015|280000.00|03/03/2015|03/03/2015
201500000000140000.00|A|03/04/2015|2015000072203|1|MTGE    |02/18/2015|140000.00|03/03/2015|03/03/2015
201400000000000000.00|A|03/04/2015|2015000072372|1|RTXL    |12/19/2014|$-|03/03/2015|03/03/2015
201500000000000000.00|A|03/04/2015|2015000072441|1|ASST    |02/23/2015|$-|03/03/2015|03/03/2015
201500000000000000.00|A|03/04/2015|2015000072442|1|ASST    |02/23/2015|$-|03/03/2015|03/03/2015
201500000000000000.00|A|03/04/2015|2015000072443|1|ASST    |02/23/2015|$-|03/03/2015|03/03/2015
201500000000000000.00|A|03/04/2015|2015000072417|1|DEED    |02/06/2015|$-|03/03/2015|03/03/2015
201500000000000000.00|A|03/04/2015|2015000072428|1|SAT     |02/19/2015|$-|03/03/2015|03/03/2015
201500000000000000.00|A|03/04/2015|2015000072047|1|SAT     |02/03/2015|$-|03/03/2015|03/03/2015
201500000000819691.25|A|03/04/2015|2015000071904|1|DEED    |02/24/2015|819691.25|03/03/2015|03/03/2015
201500000000200000.00|A|03/04/2015|2015000071905|1|MTGE    |02/24/2015|200000.00|03/03/2015|03/03/2015
201500000000000000.00|A|03/04/2015|2015000071906|1|PAT     |02/24/2015|$-|03/03/2015|03/03/2015
201500000000000000.00|A|03/04/2015|2015000071907|1|REL     |02/24/2015|$-|03/03/2015|03/03/2015
201500000000000000.00|A|03/04/2015|2015000071908|1|REL     |02/24/2015|$-|03/03/2015|03/03/2015
201500000000000000.00|A|03/04/2015|2015000071909|1|PREL    |02/24/2015|$-|03/03/2015|03/03/2015
201500000000000000.00|A|03/04/2015|2015000071910|1|PREL    |02/24/2015|$-|03/03/2015|03/03/2015
201500000001050000.00|A|03/04/2015|2015000071608|1|DEED    |02/23/2015|1050000.00|03/03/2015|03/03/2015
201500000000749250.00|A|03/04/2015|2015000071609|1|MTGE    |02/23/2015|749250.00|03/03/2015|03/03/2015
201500000000050000.00|A|03/04/2015|2015000071610|1|MTGE    |02/23/2015|50000.00|03/03/2015|03/03/2015
199900000000000000.00|A|03/04/2015|2015000071089|1|DEED COR|06/30/1999|$-|03/03/2015|03/03/2015
201500000000254000.00|A|03/04/2015|2015000071039|1|MTGE    |01/21/2015|254000.00|03/03/2015|03/03/2015
201500000000000000.00|A|03/04/2015|2015000072019|1|TL&R    |02/12/2015|$-|03/03/2015|03/03/2015
